date,tvl_usd
2017-09-27,0
2017-09-28,0
2017-09-29,0
2017-09-30,0
2017-10-01,0
2017-10-02,0
2017-10-03,0
2017-10-04,0
2017-10-05,0
2017-10-06,0
2017-10-07,0
2017-10-08,0
2017-10-09,0
2017-10-10,0
2017-10-11,0
2017-10-12,0
2017-10-13,0
2017-10-14,0
2017-10-15,0
2017-10-16,0
2017-10-17,0
2017-10-18,0
2017-10-19,0
2017-10-20,0
2017-10-21,0
2017-10-22,0
2017-10-23,0
2017-10-24,0
2017-10-25,0
2017-10-26,0
2017-10-27,0
2017-10-28,0
2017-10-29,0
2017-10-30,0
2017-10-31,0
2017-11-01,0
2017-11-02,0
2017-11-03,0
2017-11-04,0
2017-11-05,0
2017-11-06,0
2017-11-07,0
2017-11-08,0
2017-11-09,0
2017-11-10,0
2017-11-11,0
2017-11-12,0
2017-11-13,0
2017-11-14,0
2017-11-15,0
2017-11-16,0
2017-11-17,0
2017-11-18,0
2017-11-19,0
2017-11-20,0
2017-11-21,0
2017-11-22,0
2017-11-23,0
2017-11-24,0
2017-11-25,0
2017-11-26,0
2017-11-27,0
2017-11-28,0
2017-11-29,0
2017-11-30,0
2017-12-01,0
2017-12-02,0
2017-12-03,0
2017-12-04,0
2017-12-05,0
2017-12-06,0
2017-12-07,0
2017-12-08,0
2017-12-09,0
2017-12-10,0
2017-12-11,0
2017-12-12,0
2017-12-13,0
2017-12-14,0
2017-12-15,0
2017-12-16,0
2017-12-17,0
2017-12-18,0
2017-12-19,0
2017-12-20,0
2017-12-21,0
2017-12-22,0
2017-12-23,0
2017-12-24,0
2017-12-25,0
2017-12-26,0
2017-12-27,0
2017-12-28,0
2017-12-29,0
2017-12-30,0
2017-12-31,0
2018-01-01,0
2018-01-02,0
2018-01-03,0
2018-01-04,0
2018-01-05,0
2018-01-06,0
2018-01-07,0
2018-01-08,0
2018-01-09,0
2018-01-10,0
2018-01-11,0
2018-01-12,0
2018-01-13,0
2018-01-14,0
2018-01-15,0
2018-01-16,0
2018-01-17,0
2018-01-18,0
2018-01-19,0
2018-01-20,0
2018-01-21,0
2018-01-22,0
2018-01-23,0
2018-01-24,0
2018-01-25,0
2018-01-26,0
2018-01-27,0
2018-01-28,0
2018-01-29,0
2018-01-30,0
2018-01-31,0
2018-02-01,0
2018-02-02,0
2018-02-03,0
2018-02-04,0
2018-02-05,0
2018-02-06,0
2018-02-07,0
2018-02-08,0
2018-02-09,0
2018-02-10,0
2018-02-11,0
2018-02-12,6685317
2018-02-13,6685317
2018-02-14,6685317
2018-02-15,7335070
2018-02-16,11799306
2018-02-17,11799306
2018-02-18,11799306
2018-02-19,11799306
2018-02-20,11799306
2018-02-21,11620897
2018-02-22,9686994
2018-02-23,11924788
2018-02-24,11924788
2018-02-25,11924788
2018-02-26,11293138
2018-02-27,11293138
2018-02-28,18351636
2018-03-01,18351636
2018-03-02,18351636
2018-03-03,18351636
2018-03-04,18351636
2018-03-05,18351636
2018-03-06,15284730
2018-03-07,15284730
2018-03-08,14201508
2018-03-09,14201508
2018-03-10,14201508
2018-03-11,14201508
2018-03-12,14201508
2018-03-13,14201508
2018-03-14,14529180
2018-03-15,10883302
2018-03-16,10883302
2018-03-17,10883302
2018-03-18,10883302
2018-03-19,10883302
2018-03-20,10883302
2018-03-21,10883302
2018-03-22,10883302
2018-03-23,10883302
2018-03-24,10883302
2018-03-25,10883302
2018-03-26,10883302
2018-03-27,10883302
2018-03-28,10883302
2018-03-29,10975192
2018-03-30,8872233
2018-03-31,8872233
2018-04-01,8872233
2018-04-02,8872233
2018-04-03,8709109
2018-04-04,8709109
2018-04-05,8709109
2018-04-06,8994812
2018-04-07,11513795
2018-04-08,11513795
2018-04-09,11513795
2018-04-10,11513795
2018-04-11,11513795
2018-04-12,11513795
2018-04-13,11513795
2018-04-14,11599561
2018-04-15,11860237
2018-04-16,16745423
2018-04-17,16745423
2018-04-18,16745423
2018-04-19,16745423
2018-04-20,19173183
2018-04-21,19173183
2018-04-22,19557950
2018-04-23,21963401
2018-04-24,21963401
2018-04-25,21963401
2018-04-26,21963401
2018-04-27,22367479
2018-04-28,28948697
2018-04-29,28977326
2018-04-30,28969763
2018-05-01,28984307
2018-05-02,28977941
2018-05-03,35203792
2018-05-04,29514151
2018-05-05,29565821
2018-05-06,29590838
2018-05-07,29584982
2018-05-08,23996888
2018-05-09,24006329
2018-05-10,29220087
2018-05-11,29200576
2018-05-12,29180118
2018-05-13,29161024
2018-05-14,29172651
2018-05-15,29192404
2018-05-16,27637293
2018-05-17,27621514
2018-05-18,26702764
2018-05-19,30301579
2018-05-20,30305637
2018-05-21,30318592
2018-05-22,29046638
2018-05-23,29017571
2018-05-24,28956511
2018-05-25,28999900
2018-05-26,28971623
2018-05-27,24783617
2018-05-28,24794527
2018-05-29,24743844
2018-05-30,31952258
2018-05-31,31943323
2018-06-01,31963581
2018-06-02,31952510
2018-06-03,31986000
2018-06-04,30750887
2018-06-05,30741186
2018-06-06,30734367
2018-06-07,30749864
2018-06-08,30135166
2018-06-09,30137891
2018-06-10,30134960
2018-06-11,20200363
2018-06-12,20202458
2018-06-13,20177422
2018-06-14,20171150
2018-06-15,21673737
2018-06-16,21665463
2018-06-17,24002627
2018-06-18,24004364
2018-06-19,24031704
2018-06-20,24037291
2018-06-21,24045886
2018-06-22,23763827
2018-06-23,21165759
2018-06-24,21175105
2018-06-25,21162437
2018-06-26,21165475
2018-06-27,19744994
2018-06-28,19764441
2018-06-29,19771694
2018-06-30,22475278
2018-07-01,22483726
2018-07-02,22490475
2018-07-03,22513321
2018-07-04,22493042
2018-07-05,22510025
2018-07-06,22526670
2018-07-07,22495522
2018-07-08,25093689
2018-07-09,23126728
2018-07-10,19628038
2018-07-11,19573614
2018-07-12,19899688
2018-07-13,19890030
2018-07-14,19896837
2018-07-15,19888431
2018-07-16,19913834
2018-07-17,19929339
2018-07-18,19924898
2018-07-19,19894895
2018-07-20,20149827
2018-07-21,20590476
2018-07-22,20596340
2018-07-23,20605860
2018-07-24,20578762
2018-07-25,20265462
2018-07-26,20259382
2018-07-27,20250097
2018-07-28,17813102
2018-07-29,17815710
2018-07-30,17814972
2018-07-31,17810324
2018-08-01,17795180
2018-08-02,16575227
2018-08-03,16575865
2018-08-04,16174201
2018-08-05,16159086
2018-08-06,358439
2018-08-07,367117
2018-08-08,367758
2018-08-09,340001
2018-08-10,337587
2018-08-11,16800664
2018-08-12,16800809
2018-08-13,16533578
2018-08-14,16535473
2018-08-15,16534267
2018-08-16,16552382
2018-08-17,16562358
2018-08-18,16790597
2018-08-19,16788445
2018-08-20,16786536
2018-08-21,16782137
2018-08-22,16948572
2018-08-23,12059764
2018-08-24,14320257
2018-08-25,12189870
2018-08-26,13119602
2018-08-27,20787329
2018-08-28,21681043
2018-08-29,13842550
2018-08-30,13838204
2018-08-31,13826746
2018-09-01,33918185
2018-09-02,34461150
2018-09-03,34454043
2018-09-04,34394921
2018-09-05,34281081
2018-09-06,34141470
2018-09-07,31632459
2018-09-08,31627730
2018-09-09,31565234
2018-09-10,30914431
2018-09-11,32694805
2018-09-12,32416971
2018-09-13,32697437
2018-09-14,31981413
2018-09-15,17286027
2018-09-16,18181250
2018-09-17,16785441
2018-09-18,17156973
2018-09-19,17052370
2018-09-20,17295231
2018-09-21,17467378
2018-09-22,17735981
2018-09-23,12120894
2018-09-24,12001453
2018-09-25,10599223
2018-09-26,15541932
2018-09-27,11336827
2018-09-28,14120352
2018-09-29,15375082
2018-09-30,15840876
2018-10-01,16736615
2018-10-02,17016009
2018-10-03,16680954
2018-10-04,14741093
2018-10-05,15414443
2018-10-06,16097534
2018-10-07,15813653
2018-10-08,14055504
2018-10-09,14110331
2018-10-10,14232859
2018-10-11,14193284
2018-10-12,11928443
2018-10-13,12858389
2018-10-14,13118608
2018-10-15,13107525
2018-10-16,15120367
2018-10-17,14676038
2018-10-18,16459120
2018-10-19,15766661
2018-10-20,16173353
2018-10-21,15344886
2018-10-22,16626445
2018-10-23,17177485
2018-10-24,17060213
2018-10-25,17745805
2018-10-26,18335693
2018-10-27,16297339
2018-10-28,18124774
2018-10-29,18378903
2018-10-30,17137508
2018-10-31,15904405
2018-11-01,16170857
2018-11-02,16004698
2018-11-03,11825468
2018-11-04,18343307
2018-11-05,16132848
2018-11-06,16123521
2018-11-07,16610845
2018-11-08,16583198
2018-11-09,15826144
2018-11-10,15734245
2018-11-11,16062153
2018-11-12,15554185
2018-11-13,15761892
2018-11-14,15442880
2018-11-15,12952073
2018-11-16,12990309
2018-11-17,12813281
2018-11-18,12519141
2018-11-19,23183102
2018-11-20,10263670
2018-11-21,8741508
2018-11-22,9535385
2018-11-23,10694808
2018-11-24,10583791
2018-11-25,9642573
2018-11-26,10688756
2018-11-27,10013259
2018-11-28,11008664
2018-11-29,12544817
2018-11-30,12491893
2018-12-01,12166000
2018-12-02,13221851
2018-12-03,12384552
2018-12-04,10976654
2018-12-05,10974056
2018-12-06,9090091
2018-12-07,8277595
2018-12-08,8813639
2018-12-09,9296580
2018-12-10,8282530
2018-12-11,8164333
2018-12-12,8027331
2018-12-13,8382716
2018-12-14,7975874
2018-12-15,7395409
2018-12-16,7772209
2018-12-17,8236167
2018-12-18,9340631
2018-12-19,9786858
2018-12-20,9593244
2018-12-21,10845835
2018-12-22,11597399
2018-12-23,12002498
2018-12-24,13135497
2018-12-25,14344601
2018-12-26,13105091
2018-12-27,13964751
2018-12-28,12584979
2018-12-29,12995052
2018-12-30,4149781
2018-12-31,3926020
2019-01-01,3802744
2019-01-02,4008486
2019-01-03,5319596
2019-01-04,289570752
2019-01-05,304883618
2019-01-06,314016364
2019-01-07,302615159
2019-01-08,301528544
2019-01-09,294935504
2019-01-10,122685489
2019-01-11,260106725
2019-01-12,292940172
2019-01-13,260217997
2019-01-14,194196424
2019-01-15,263607393
2019-01-16,264927702
2019-01-17,270539227
2019-01-18,279843104
2019-01-19,246234892
2019-01-20,253866163
2019-01-21,250653941
2019-01-22,242704516
2019-01-23,238042263
2019-01-24,245751182
2019-01-25,243997393
2019-01-26,244144401
2019-01-27,247621419
2019-01-28,241999811
2019-01-29,113101993
2019-01-30,220276514
2019-01-31,224991272
2019-02-01,230868863
2019-02-02,229338297
2019-02-03,232341479
2019-02-04,232426627
2019-02-05,231779965
2019-02-06,233650015
2019-02-07,225717422
2019-02-08,231314639
2019-02-09,237932307
2019-02-10,263945502
2019-02-11,261409662
2019-02-12,266842887
2019-02-13,265032641
2019-02-14,270656042
2019-02-15,267234814
2019-02-16,279959533
2019-02-17,271616640
2019-02-18,284669961
2019-02-19,308871100
2019-02-20,328181470
2019-02-21,325575107
2019-02-22,325103155
2019-02-23,333555760
2019-02-24,335154182
2019-02-25,367148268
2019-02-26,313312485
2019-02-27,312348327
2019-02-28,315587243
2019-03-01,313264205
2019-03-02,317917225
2019-03-03,306928585
2019-03-04,308802967
2019-03-05,291872587
2019-03-06,299413989
2019-03-07,323339859
2019-03-08,325847315
2019-03-09,317686632
2019-03-10,327652303
2019-03-11,317114163
2019-03-12,314311842
2019-03-13,316017852
2019-03-14,310309736
2019-03-15,313273709
2019-03-16,319734544
2019-03-17,338848314
2019-03-18,338427917
2019-03-19,334112955
2019-03-20,331367254
2019-03-21,332058133
2019-03-22,329173533
2019-03-23,321656817
2019-03-24,324065528
2019-03-25,324888324
2019-03-26,319263059
2019-03-27,316212716
2019-03-28,331333288
2019-03-29,325149316
2019-03-30,334364887
2019-03-31,340535136
2019-04-01,337701754
2019-04-02,335250863
2019-04-03,366236322
2019-04-04,397580056
2019-04-05,382233613
2019-04-06,391714035
2019-04-07,391038985
2019-04-08,402160711
2019-04-09,422159412
2019-04-10,421201009
2019-04-11,431439729
2019-04-12,395146858
2019-04-13,396666901
2019-04-14,389297705
2019-04-15,389969859
2019-04-16,392816437
2019-04-17,383270419
2019-04-18,396528397
2019-04-19,402965067
2019-04-20,405717234
2019-04-21,399268586
2019-04-22,389058388
2019-04-23,396465156
2019-04-24,403778689
2019-04-25,379574360
2019-04-26,374166223
2019-04-27,358142236
2019-04-28,356347839
2019-04-29,360706733
2019-04-30,350720090
2019-05-01,366040359
2019-05-02,373150581
2019-05-03,366280821
2019-05-04,374710083
2019-05-05,369623355
2019-05-06,370720025
2019-05-07,371812432
2019-05-08,401884732
2019-05-09,381494784
2019-05-10,382347193
2019-05-11,379417947
2019-05-12,408271891
2019-05-13,412618171
2019-05-14,419161736
2019-05-15,447956743
2019-05-16,493000950
2019-05-17,499481561
2019-05-18,463518933
2019-05-19,473558178
2019-05-20,505820225
2019-05-21,496279202
2019-05-22,495087452
2019-05-23,497002142
2019-05-24,476495368
2019-05-25,494995333
2019-05-26,502451751
2019-05-27,487371992
2019-05-28,514872051
2019-05-29,498987033
2019-05-30,494627934
2019-05-31,512537933
2019-06-01,472847399
2019-06-02,497830025
2019-06-03,500127190
2019-06-04,485851448
2019-06-05,455464631
2019-06-06,458331950
2019-06-07,461237618
2019-06-08,465315261
2019-06-09,465711379
2019-06-10,456916372
2019-06-11,458463024
2019-06-12,452611499
2019-06-13,470698244
2019-06-14,481696600
2019-06-15,480287425
2019-06-16,491502339
2019-06-17,505563829
2019-06-18,508648762
2019-06-19,500888028
2019-06-20,499846692
2019-06-21,503507244
2019-06-22,540552020
2019-06-23,568785450
2019-06-24,567445764
2019-06-25,573143459
2019-06-26,568708212
2019-06-27,591078274
2019-06-28,552910720
2019-06-29,543051020
2019-06-30,542532241
2019-07-01,531461064
2019-07-02,525350725
2019-07-03,502883500
2019-07-04,530495517
2019-07-05,534615690
2019-07-06,532710865
2019-07-07,524221247
2019-07-08,534477607
2019-07-09,560331576
2019-07-10,563890234
2019-07-11,551630909
2019-07-12,502577319
2019-07-13,506751356
2019-07-14,492044116
2019-07-15,454555786
2019-07-16,451334563
2019-07-17,461975687
2019-07-18,443736851
2019-07-19,436985774
2019-07-20,437208909
2019-07-21,452675725
2019-07-22,487291800
2019-07-23,434230255
2019-07-24,409186274
2019-07-25,448443317
2019-07-26,428073197
2019-07-27,422243898
2019-07-28,402767290
2019-07-29,407166104
2019-07-30,406781868
2019-07-31,408697642
2019-08-01,417633282
2019-08-02,418221061
2019-08-03,428073353
2019-08-04,431471834
2019-08-05,429764804
2019-08-06,454195125
2019-08-07,436040933
2019-08-08,433419583
2019-08-09,452962074
2019-08-10,436374290
2019-08-11,428714829
2019-08-12,441895509
2019-08-13,442896825
2019-08-14,451379386
2019-08-15,433576742
2019-08-16,412932231
2019-08-17,417466602
2019-08-18,416010185
2019-08-19,431515559
2019-08-20,452669640
2019-08-21,443632021
2019-08-22,431246765
2019-08-23,430470024
2019-08-24,435344422
2019-08-25,434835163
2019-08-26,436731046
2019-08-27,435634766
2019-08-28,438418831
2019-08-29,434881647
2019-08-30,420084933
2019-08-31,419174143
2019-09-01,414229850
2019-09-02,419822865
2019-09-03,427393987
2019-09-04,446062511
2019-09-05,441680361
2019-09-06,430397388
2019-09-07,432542951
2019-09-08,431670284
2019-09-09,444064062
2019-09-10,454119915
2019-09-11,448765165
2019-09-12,448360732
2019-09-13,453065654
2019-09-14,449959697
2019-09-15,448075648
2019-09-16,476918786
2019-09-17,490743644
2019-09-18,504647334
2019-09-19,524619550
2019-09-20,521270612
2019-09-21,534853682
2019-09-22,531410497
2019-09-23,521089432
2019-09-24,513747689
2019-09-25,473798880
2019-09-26,429765681
2019-09-27,448885279
2019-09-28,448305047
2019-09-29,459055196
2019-09-30,449392756
2019-10-01,460478737
2019-10-02,468467860
2019-10-03,469759575
2019-10-04,464886362
2019-10-05,464292908
2019-10-06,458924231
2019-10-07,457835664
2019-10-08,469556828
2019-10-09,479618450
2019-10-10,497798465
2019-10-11,507867466
2019-10-12,495437951
2019-10-13,491387221
2019-10-14,495508497
2019-10-15,494457857
2019-10-16,491295305
2019-10-17,485289283
2019-10-18,488902927
2019-10-19,483195757
2019-10-20,484359011
2019-10-21,482779013
2019-10-22,501495158
2019-10-23,501612538
2019-10-24,504293040
2019-10-25,487781757
2019-10-26,536564631
2019-10-27,552363304
2019-10-28,585884484
2019-10-29,591157220
2019-10-30,598073585
2019-10-31,579395203
2019-11-01,558561779
2019-11-02,557071114
2019-11-03,557849668
2019-11-04,555886499
2019-11-05,592041728
2019-11-06,595937674
2019-11-07,597909996
2019-11-08,586054174
2019-11-09,600199426
2019-11-10,599493501
2019-11-11,583384591
2019-11-12,598450857
2019-11-13,604460707
2019-11-14,601074950
2019-11-15,596137614
2019-11-16,573659308
2019-11-17,583648172
2019-11-18,599124673
2019-11-19,608190626
2019-11-20,606769946
2019-11-21,605215546
2019-11-22,602025708
2019-11-23,568695755
2019-11-24,574619036
2019-11-25,588834677
2019-11-26,598978707
2019-11-27,614130077
2019-11-28,645973332
2019-11-29,646738314
2019-11-30,623022852
2019-12-01,618998157
2019-12-02,592530843
2019-12-03,624871193
2019-12-04,619422598
2019-12-05,616758251
2019-12-06,614418082
2019-12-07,607765633
2019-12-08,606638338
2019-12-09,630375654
2019-12-10,627975429
2019-12-11,608680182
2019-12-12,607080709
2019-12-13,617521228
2019-12-14,611408968
2019-12-15,613549511
2019-12-16,623841597
2019-12-17,614464203
2019-12-18,582714940
2019-12-19,574674054
2019-12-20,592958634
2019-12-21,596259664
2019-12-22,597689907
2019-12-23,609592628
2019-12-24,614842712
2019-12-25,604710916
2019-12-26,594297587
2019-12-27,589013702
2019-12-28,585762476
2019-12-29,594827274
2019-12-30,603662457
2019-12-31,609578786
2020-01-01,606094144
2020-01-02,605260224
2020-01-03,599700961
2020-01-04,609194464
2020-01-05,608225875
2020-01-06,610140084
2020-01-07,609488563
2020-01-08,616940071
2020-01-09,627337915
2020-01-10,591002739
2020-01-11,585697860
2020-01-12,615427563
2020-01-13,619481866
2020-01-14,627897116
2020-01-15,677754524
2020-01-16,700335339
2020-01-17,704767165
2020-01-18,729580177
2020-01-19,720435461
2020-01-20,700193516
2020-01-21,698828005
2020-01-22,728094072
2020-01-23,717928005
2020-01-24,698880694
2020-01-25,694165601
2020-01-26,701940467
2020-01-27,709907244
2020-01-28,745635194
2020-01-29,760463093
2020-01-30,772944085
2020-01-31,781557542
2020-02-01,794204774
2020-02-02,804187470
2020-02-03,814154940
2020-02-04,808800998
2020-02-05,805940611
2020-02-06,838588758
2020-02-07,878624778
2020-02-08,891727770
2020-02-09,901519597
2020-02-10,889444973
2020-02-11,882783893
2020-02-12,896848641
2020-02-13,987054648
2020-02-14,1011705815
2020-02-15,1045119349
2020-02-16,1041206488
2020-02-17,1003854491
2020-02-18,968978260
2020-02-19,1032769866
2020-02-20,956123481
2020-02-21,896019923
2020-02-22,914739349
2020-02-23,921830239
2020-02-24,945222348
2020-02-25,937314876
2020-02-26,895231268
2020-02-27,835945023
2020-02-28,829811516
2020-02-29,811948702
2020-03-01,828293436
2020-03-02,815453026
2020-03-03,818795704
2020-03-04,833516907
2020-03-05,813432960
2020-03-06,824903310
2020-03-07,850504891
2020-03-08,849998127
2020-03-09,781909022
2020-03-10,752107406
2020-03-11,770000473
2020-03-12,665641906
2020-03-13,525851096
2020-03-14,514778002
2020-03-15,484409708
2020-03-16,448184299
2020-03-17,434318818
2020-03-18,448529183
2020-03-19,445124343
2020-03-20,493642228
2020-03-21,517392587
2020-03-22,497837898
2020-03-23,476912091
2020-03-24,486317736
2020-03-25,526959232
2020-03-26,517665933
2020-03-27,527549814
2020-03-28,524942287
2020-03-29,509393752
2020-03-30,510937039
2020-03-31,534587501
2020-04-01,538376176
2020-04-02,538121598
2020-04-03,565868243
2020-04-04,579280022
2020-04-05,570503410
2020-04-06,578239979
2020-04-07,622290272
2020-04-08,648123516
2020-04-09,630582424
2020-04-10,612384324
2020-04-11,593146674
2020-04-12,590214308
2020-04-13,592889060
2020-04-14,585622688
2020-04-15,591940943
2020-04-16,589390639
2020-04-17,629864634
2020-04-18,631315771
2020-04-19,658672689
2020-04-20,673284351
2020-04-21,665322178
2020-04-22,648423966
2020-04-23,669961677
2020-04-24,677058240
2020-04-25,683790122
2020-04-26,697930185
2020-04-27,723367214
2020-04-28,726227203
2020-04-29,732488794
2020-04-30,772360887
2020-05-01,765956063
2020-05-02,774303515
2020-05-03,793233429
2020-05-04,786270882
2020-05-05,754711227
2020-05-06,785362345
2020-05-07,795877326
2020-05-08,789611280
2020-05-09,807345499
2020-05-10,809266700
2020-05-11,751449462
2020-05-12,734853380
2020-05-13,743554850
2020-05-14,737648893
2020-05-15,760291679
2020-05-16,748519705
2020-05-17,759319991
2020-05-18,765698808
2020-05-19,796586790
2020-05-20,848818461
2020-05-21,859440046
2020-05-22,927458857
2020-05-23,946957818
2020-05-24,964696124
2020-05-25,1031837852
2020-05-26,1015096606
2020-05-27,1015173402
2020-05-28,1016543784
2020-05-29,1006153995
2020-05-30,1039114993
2020-05-31,1112407974
2020-06-01,1121979351
2020-06-02,1110832737
2020-06-03,1143074522
2020-06-04,1130992824
2020-06-05,1160807886
2020-06-06,1161358494
2020-06-07,1161112973
2020-06-08,1159243363
2020-06-09,1180232483
2020-06-10,1148001962
2020-06-11,1149302768
2020-06-12,1174277595
2020-06-13,1172085836
2020-06-14,1155262998
2020-06-15,1122814007
2020-06-16,1120783231
2020-06-17,1261855482
2020-06-18,1311714166
2020-06-19,1402944332
2020-06-20,1528633518
2020-06-21,1622152187
2020-06-22,1695038718
2020-06-23,1724783252
2020-06-24,1801595304
2020-06-25,1850099176
2020-06-26,1861253613
2020-06-27,1877031965
2020-06-28,1873791062
2020-06-29,1888069934
2020-06-30,1872825126
2020-07-01,1878200873
2020-07-02,1966393615
2020-07-03,1986089301
2020-07-04,2028952412
2020-07-05,2080326275
2020-07-06,2107698948
2020-07-07,2186377283
2020-07-08,2277134110
2020-07-09,2344272196
2020-07-10,2345339281
2020-07-11,2335372347
2020-07-12,2381909438
2020-07-13,2405145610
2020-07-14,2373216308
2020-07-15,2399389272
2020-07-16,2416016932
2020-07-17,2466213689
2020-07-18,2511681996
2020-07-19,2556708312
2020-07-20,2800678652
2020-07-21,2953665801
2020-07-22,3102976230
2020-07-23,3210283040
2020-07-24,3429566186
2020-07-25,3465839862
2020-07-26,3475945440
2020-07-27,3406415752
2020-07-28,3432376503
2020-07-29,3407966596
2020-07-30,3533493546
2020-07-31,3634206226
2020-08-01,3858868761
2020-08-02,3884724135
2020-08-03,3945925232
2020-08-04,4072008459
2020-08-05,4208044914
2020-08-06,4254710597
2020-08-07,4227067054
2020-08-08,4253854752
2020-08-09,4376544143
2020-08-10,4519729655
2020-08-11,4509984761
2020-08-12,4528922716
2020-08-13,4484096235
2020-08-14,4698305874
2020-08-15,5742780537
2020-08-16,5875667943
2020-08-17,6111536223
2020-08-18,6254351368
2020-08-19,6189950089
2020-08-20,6271010444
2020-08-21,6395750615
2020-08-22,6251364973
2020-08-23,6399292944
2020-08-24,6418655113
2020-08-25,6611580781
2020-08-26,6753876334
2020-08-27,6999341442
2020-08-28,7091714551
2020-08-29,7544248432
2020-08-30,7806711009
2020-08-31,8228174281
2020-09-01,8619617581
2020-09-02,9321501521
2020-09-03,9181879140
2020-09-04,8752004396
2020-09-05,8786304212
2020-09-06,7498136402
2020-09-07,7714681883
2020-09-08,7740831221
2020-09-09,8714715453
2020-09-10,7772319558
2020-09-11,8847064369
2020-09-12,8454849375
2020-09-13,8001109500
2020-09-14,8328354871
2020-09-15,8473293522
2020-09-16,8369595591
2020-09-17,8072461835
2020-09-18,8650195635
2020-09-19,9191253818
2020-09-20,9858246700
2020-09-21,9986458868
2020-09-22,9406027133
2020-09-23,9413137075
2020-09-24,9486811132
2020-09-25,9781258920
2020-09-26,10019394216
2020-09-27,10276846471
2020-09-28,10271916300
2020-09-29,10345438869
2020-09-30,10256757533
2020-10-01,10190572992
2020-10-02,10078661384
2020-10-03,9788665354
2020-10-04,9894936139
2020-10-05,9857031497
2020-10-06,9671559620
2020-10-07,9234373937
2020-10-08,9092699354
2020-10-09,9353828511
2020-10-10,9792226455
2020-10-11,9880182761
2020-10-12,9966255179
2020-10-13,10029320667
2020-10-14,10081929020
2020-10-15,9979917580
2020-10-16,9902570708
2020-10-17,9737646970
2020-10-18,9712028610
2020-10-19,9814392582
2020-10-20,9784041481
2020-10-21,9605009647
2020-10-22,9730515858
2020-10-23,9944036268
2020-10-24,9986574050
2020-10-25,10096344451
2020-10-26,10289399500
2020-10-27,9830535439
2020-10-28,10040077206
2020-10-29,9994824114
2020-10-30,9789534527
2020-10-31,9714735434
2020-11-01,9840978865
2020-11-02,9850331354
2020-11-03,9591732249
2020-11-04,9580935624
2020-11-05,9675779610
2020-11-06,10056855529
2020-11-07,10565523972
2020-11-08,10592515110
2020-11-09,10922286132
2020-11-10,11308379123
2020-11-11,11506927867
2020-11-12,11733128607
2020-11-13,11744065494
2020-11-14,11946656545
2020-11-15,11918025210
2020-11-16,11930455764
2020-11-17,12677226520
2020-11-18,11624563739
2020-11-19,11702192623
2020-11-20,11926524360
2020-11-21,12344638379
2020-11-22,12426216244
2020-11-23,12073971309
2020-11-24,12591523069
2020-11-25,12482532945
2020-11-26,12121376255
2020-11-27,11259341655
2020-11-28,11280129958
2020-11-29,11698411338
2020-11-30,12380237341
2020-12-01,12859690941
2020-12-02,12822367624
2020-12-03,13005298235
2020-12-04,13006938030
2020-12-05,12664078066
2020-12-06,12977974268
2020-12-07,13001965425
2020-12-08,13020093980
2020-12-09,12650842499
2020-12-10,12650378373
2020-12-11,12358523980
2020-12-12,12275248909
2020-12-13,12736276562
2020-12-14,13014298079
2020-12-15,13131669107
2020-12-16,13379001112
2020-12-17,13579820712
2020-12-18,13950107978
2020-12-19,14152357535
2020-12-20,14302812801
2020-12-21,13950671588
2020-12-22,13755713076
2020-12-23,14091063229
2020-12-24,13766664345
2020-12-25,13983888979
2020-12-26,14529788856
2020-12-27,14576382908
2020-12-28,14819150782
2020-12-29,15529358579
2020-12-30,15247200271
2020-12-31,15143621387
2021-01-01,15331239392
2021-01-02,15591299800
2021-01-03,16214121845
2021-01-04,17677186292
2021-01-05,18930185759
2021-01-06,20589425585
2021-01-07,21354585247
2021-01-08,22010129551
2021-01-09,22200304178
2021-01-10,22447532642
2021-01-11,21929696717
2021-01-12,20202214971
2021-01-13,20845529247
2021-01-14,21312476375
2021-01-15,21558342039
2021-01-16,22026765353
2021-01-17,22443665022
2021-01-18,22671333424
2021-01-19,23296811919
2021-01-20,24289078073
2021-01-21,23101750426
2021-01-22,21829723345
2021-01-23,23000758277
2021-01-24,24074914577
2021-01-25,25493160644
2021-01-26,25674880297
2021-01-27,25220831940
2021-01-28,24887717571
2021-01-29,26269142482
2021-01-30,27252744767
2021-01-31,27130757018
2021-02-01,27109267608
2021-02-02,27888564501
2021-02-03,30955207856
2021-02-04,32932559509
2021-02-05,34304841966
2021-02-06,35716804965
2021-02-07,35392596883
2021-02-08,35702998832
2021-02-09,38099626760
2021-02-10,39643074638
2021-02-11,40886651706
2021-02-12,41886194682
2021-02-13,41684780963
2021-02-14,41412539981
2021-02-15,41782214628
2021-02-16,41581299519
2021-02-17,42272005078
2021-02-18,43232124414
2021-02-19,44771134181
2021-02-20,46707174505
2021-02-21,48100165971
2021-02-22,47683207268
2021-02-23,43607600318
2021-02-24,40169071348
2021-02-25,42741037454
2021-02-26,41913436033
2021-02-27,40448798498
2021-02-28,40295278455
2021-03-01,40342035655
2021-03-02,43117807061
2021-03-03,43859662635
2021-03-04,45205954174
2021-03-05,44738938984
2021-03-06,44309314611
2021-03-07,44599182640
2021-03-08,44256051910
2021-03-09,45660607197
2021-03-10,47542288537
2021-03-11,47293904604
2021-03-12,47850588395
2021-03-13,49768664773
2021-03-14,52142877961
2021-03-15,51921454844
2021-03-16,50167427288
2021-03-17,50926999704
2021-03-18,51998110196
2021-03-19,52235141670
2021-03-20,53632192161
2021-03-21,54479155631
2021-03-22,52878919351
2021-03-23,52113128909
2021-03-24,51290017853
2021-03-25,49982335420
2021-03-26,49361732395
2021-03-27,51897581351
2021-03-28,52592688754
2021-03-29,53239588669
2021-03-30,56027462085
2021-03-31,58567030106
2021-04-01,58995211330
2021-04-02,62043643380
2021-04-03,63919943266
2021-04-04,69660119238
2021-04-05,70551620332
2021-04-06,74181877659
2021-04-07,74587270838
2021-04-08,70090584433
2021-04-09,72989158380
2021-04-10,75195540947
2021-04-11,76764204478
2021-04-12,76953515244
2021-04-13,78319468650
2021-04-14,81796956625
2021-04-15,86449763668
2021-04-16,88377717696
2021-04-17,88308933223
2021-04-18,88015871459
2021-04-19,81152494023
2021-04-20,82435800031
2021-04-21,83897816620
2021-04-22,84485524198
2021-04-23,86331406567
2021-04-24,85000974551
2021-04-25,83610726646
2021-04-26,87512890195
2021-04-27,95367751034
2021-04-28,98568562281
2021-04-29,100939831883
2021-04-30,99702057713
2021-05-01,101632695394
2021-05-02,105500694309
2021-05-03,106932709513
2021-05-04,111893843032
2021-05-05,112930237393
2021-05-06,114989166586
2021-05-07,117758329294
2021-05-08,117388597016
2021-05-09,120716940331
2021-05-10,121977005444
2021-05-11,122137709377
2021-05-12,122163089054
2021-05-13,120503557115
2021-05-14,115028834349
2021-05-15,118816957697
2021-05-16,115420298183
2021-05-17,113252564759
2021-05-18,109422661667
2021-05-19,100925292755
2021-05-20,86720076497
2021-05-21,85598890174
2021-05-22,82060040890
2021-05-23,74583299944
2021-05-24,71772919052
2021-05-25,79438364769
2021-05-26,82310309388
2021-05-27,87105318047
2021-05-28,84833351679
2021-05-29,79384814171
2021-05-30,78174483180
2021-05-31,82617486834
2021-06-01,85880596669
2021-06-02,87542305655
2021-06-03,91684666397
2021-06-04,92793899839
2021-06-05,89918130105
2021-06-06,90562863512
2021-06-07,91178684092
2021-06-08,90461695837
2021-06-09,88795457803
2021-06-10,90347834946
2021-06-11,88552348232
2021-06-12,86473420242
2021-06-13,87267831564
2021-06-14,91577959440
2021-06-15,94255050236
2021-06-16,92361218216
2021-06-17,89154913460
2021-06-18,87234998662
2021-06-19,85506804998
2021-06-20,84729012781
2021-06-21,79799189806
2021-06-22,73606961003
2021-06-23,73473800249
2021-06-24,76110577597
2021-06-25,76254932946
2021-06-26,73960279323
2021-06-27,74755192771
2021-06-28,76788845536
2021-06-29,79174433347
2021-06-30,81399332279
2021-07-01,81136991618
2021-07-02,80943073203
2021-07-03,81068862638
2021-07-04,83806150207
2021-07-05,85050593764
2021-07-06,85471058404
2021-07-07,88791401718
2021-07-08,88373041458
2021-07-09,86111257818
2021-07-10,85910553070
2021-07-11,86798072882
2021-07-12,86471678305
2021-07-13,84463181856
2021-07-14,83161577034
2021-07-15,82117487276
2021-07-16,80571451852
2021-07-17,79991351733
2021-07-18,81025278424
2021-07-19,79913439827
2021-07-20,77600660719
2021-07-21,77834384196
2021-07-22,81821285794
2021-07-23,82667502770
2021-07-24,84739874343
2021-07-25,86313398945
2021-07-26,87808186154
2021-07-27,89658726037
2021-07-28,91067693784
2021-07-29,91509534449
2021-07-30,92905147249
2021-07-31,94429365713
2021-08-01,95492976872
2021-08-02,95027720656
2021-08-03,94514292511
2021-08-04,94997371940
2021-08-05,98314617759
2021-08-06,100620248526
2021-08-07,103207687221
2021-08-08,105877562721
2021-08-09,104908565218
2021-08-10,107500238144
2021-08-11,107300812588
2021-08-12,107846181487
2021-08-13,108380325130
2021-08-14,112587759615
2021-08-15,112827508591
2021-08-16,113239636445
2021-08-17,110684359404
2021-08-18,109357508320
2021-08-19,110937347744
2021-08-20,114583814826
2021-08-21,117222579476
2021-08-22,116658336557
2021-08-23,118332710515
2021-08-24,118141333433
2021-08-25,116525809969
2021-08-26,116004457276
2021-08-27,115729192460
2021-08-28,119091198603
2021-08-29,118629078268
2021-08-30,117824549290
2021-08-31,118092112664
2021-09-01,122996061327
2021-09-02,129524100354
2021-09-03,130171350458
2021-09-04,132367097153
2021-09-05,133253823109
2021-09-06,135153188773
2021-09-07,129695827907
2021-09-08,122754992273
2021-09-09,123958021883
2021-09-10,123750329889
2021-09-11,121104534384
2021-09-12,124390708683
2021-09-13,125850786276
2021-09-14,124551308847
2021-09-15,129514481707
2021-09-16,131765440134
2021-09-17,130202942998
2021-09-18,129319423464
2021-09-19,129540307067
2021-09-20,122152852336
2021-09-21,112883192373
2021-09-22,115426717205
2021-09-23,121654169073
2021-09-24,121391354572
2021-09-25,118938627043
2021-09-26,119221088475
2021-09-27,120142546959
2021-09-28,116845100463
2021-09-29,115332417039
2021-09-30,117920767099
2021-10-01,122840240151
2021-10-02,127844856776
2021-10-03,129970018522
2021-10-04,130388962620
2021-10-05,131380953221
2021-10-06,132998574450
2021-10-07,134347417713
2021-10-08,136731549626
2021-10-09,137426672339
2021-10-10,138359501178
2021-10-11,135451945126
2021-10-12,137612989929
2021-10-13,138674751566
2021-10-14,142028106295
2021-10-15,144894637874
2021-10-16,147392085801
2021-10-17,147651984390
2021-10-18,148036623054
2021-10-19,145967701193
2021-10-20,149243785217
2021-10-21,156622946347
2021-10-22,154212608739
2021-10-23,152569962444
2021-10-24,156691888018
2021-10-25,155674598845
2021-10-26,159621484836
2021-10-27,158214210305
2021-10-28,152409267884
2021-10-29,159322798801
2021-10-30,156958490039
2021-10-31,154267236142
2021-11-01,156675882909
2021-11-02,158673348529
2021-11-03,164592036806
2021-11-04,167046106857
2021-11-05,167332808402
2021-11-06,166702058317
2021-11-07,169008429285
2021-11-08,173780394903
2021-11-09,177484430035
2021-11-10,176133292796
2021-11-11,171586173510
2021-11-12,174423284300
2021-11-13,173510568888
2021-11-14,174993505179
2021-11-15,175766432832
2021-11-16,172038916517
2021-11-17,164752567382
2021-11-18,166855611027
2021-11-19,159160090856
2021-11-20,168382794939
2021-11-21,172453276460
2021-11-22,170508337233
2021-11-23,165863080355
2021-11-24,171360425638
2021-11-25,170603031987
2021-11-26,174997271760
2021-11-27,162584798201
2021-11-28,164134340773
2021-11-29,170240486191
2021-11-30,173826085673
2021-12-01,177082337746
2021-12-02,177475978249
2021-12-03,175465887429
2021-12-04,167257947667
2021-12-05,160834291335
2021-12-06,159993102098
2021-12-07,164378061111
2021-12-08,165004963695
2021-12-09,168042220518
2021-12-10,160203541737
2021-12-11,155305971828
2021-12-12,158732670352
2021-12-13,160315376532
2021-12-14,151351482585
2021-12-15,154126949916
2021-12-16,158945400183
2021-12-17,157789732623
2021-12-18,156688905764
2021-12-19,161092048612
2021-12-20,160763615775
2021-12-21,160763429986
2021-12-22,166093656393
2021-12-23,165919701568
2021-12-24,171111810671
2021-12-25,170415362769
2021-12-26,171909796600
2021-12-27,173472005062
2021-12-28,170481052251
2021-12-29,164786069730
2021-12-30,161861383040
2021-12-31,163262839610
2022-01-01,163254923278
2022-01-02,166627100353
2022-01-03,167763064064
2022-01-04,167890440248
2022-01-05,167908845700
2022-01-06,161483208119
2022-01-07,158738505009
2022-01-08,153985531576
2022-01-09,151102067394
2022-01-10,153052801981
2022-01-11,150645927233
2022-01-12,155401250634
2022-01-13,159846018261
2022-01-14,157471005690
2022-01-15,158967714302
2022-01-16,160459116235
2022-01-17,161194879286
2022-01-18,157060188333
2022-01-19,156160868279
2022-01-20,154731528549
2022-01-21,150830981922
2022-01-22,135259599035
2022-01-23,128672070664
2022-01-24,132117896610
2022-01-25,128246362202
2022-01-26,132496285678
2022-01-27,133589197129
2022-01-28,126343590716
2022-01-29,127406140388
2022-01-30,128874928548
2022-01-31,127173178518
2022-02-01,129864114374
2022-02-02,132669854315
2022-02-03,128991464456
2022-02-04,130647706158
2022-02-05,138375450533
2022-02-06,140583615320
2022-02-07,142527782077
2022-02-08,144866374232
2022-02-09,144798479102
2022-02-10,147211892089
2022-02-11,143371320217
2022-02-12,139746375936
2022-02-13,139714033144
2022-02-14,139057569225
2022-02-15,140052708608
2022-02-16,145503538206
2022-02-17,144632120309
2022-02-18,138381055831
2022-02-19,136539205534
2022-02-20,135863103538
2022-02-21,132907078182
2022-02-22,130073001446
2022-02-23,131867392572
2022-02-24,131259487421
2022-02-25,131344013098
2022-02-26,135235440932
2022-02-27,136346707420
2022-02-28,132703455875
2022-03-01,142145340783
2022-03-02,143279445359
2022-03-03,143486477449
2022-03-04,138800204470
2022-03-05,133729833980
2022-03-06,135654637325
2022-03-07,131571863471
2022-03-08,131646705884
2022-03-09,134185261422
2022-03-10,139275838027
2022-03-11,135814731658
2022-03-12,134835214105
2022-03-13,134919480938
2022-03-14,133256129986
2022-03-15,135512658397
2022-03-16,136285835511
2022-03-17,140697916266
2022-03-18,140963795836
2022-03-19,145210298733
2022-03-20,145410182437
2022-03-21,143437981733
2022-03-22,147571599654
2022-03-23,149377675753
2022-03-24,150883958062
2022-03-25,152116313684
2022-03-26,151074181894
2022-03-27,152940985206
2022-03-28,156363359901
2022-03-29,157880399567
2022-03-30,160298382775
2022-03-31,161416392258
2022-04-01,157523759496
2022-04-02,161713083862
2022-04-03,161785900203
2022-04-04,162888907936
2022-04-05,162365699533
2022-04-06,158550851005
2022-04-07,152295654844
2022-04-08,154614712335
2022-04-09,151915695029
2022-04-10,153456041925
2022-04-11,151526115022
2022-04-12,144277479730
2022-04-13,146179111667
2022-04-14,148411167245
2022-04-15,146094034980
2022-04-16,147118609393
2022-04-17,147641786004
2022-04-18,145154744781
2022-04-19,148707268866
2022-04-20,149680714015
2022-04-21,149471278679
2022-04-22,146750251672
2022-04-23,146132514168
2022-04-24,145633456720
2022-04-25,144661288041
2022-04-26,147975539601
2022-04-27,142211804376
2022-04-28,144363491809
2022-04-29,144020860709
2022-04-30,140389762000
2022-05-01,135803954502
2022-05-02,138165262049
2022-05-03,138032334605
2022-05-04,137915994394
2022-05-05,142599904881
2022-05-06,136840500586
2022-05-07,135710965333
2022-05-08,130651109990
2022-05-09,125969219332
2022-05-10,109577065257
2022-05-11,107050238144
2022-05-12,89972145279
2022-05-13,78540941679
2022-05-14,79104517844
2022-05-15,79391643233
2022-05-16,81336196979
2022-05-17,78494826652
2022-05-18,80128029812
2022-05-19,76410100595
2022-05-20,78577818932
2022-05-21,76758788918
2022-05-22,77338562377
2022-05-23,79962444989
2022-05-24,79075547304
2022-05-25,79647856279
2022-05-26,79696901722
2022-05-27,76396744010
2022-05-28,75027172350
2022-05-29,76147998529
2022-05-30,76411323436
2022-05-31,80220833202
2022-06-01,79780797983
2022-06-02,76912007718
2022-06-03,77393586914
2022-06-04,75703683452
2022-06-05,75349266739
2022-06-06,75557780436
2022-06-07,75923139213
2022-06-08,75975662422
2022-06-09,75551348176
2022-06-10,74888028918
2022-06-11,72037851845
2022-06-12,69114539604
2022-06-13,66209146580
2022-06-14,57505219764
2022-06-15,55659155326
2022-06-16,55353427983
2022-06-17,51615107270
2022-06-18,52342936796
2022-06-19,49592623169
2022-06-20,51466921304
2022-06-21,52155413457
2022-06-22,52489054118
2022-06-23,51954684768
2022-06-24,53537532265
2022-06-25,54742494233
2022-06-26,54918631350
2022-06-27,54070256531
2022-06-28,53607227895
2022-06-29,52503057134
2022-06-30,51792285139
2022-07-01,51323560104
2022-07-02,51272467944
2022-07-03,52329218540
2022-07-04,52597993690
2022-07-05,54037810199
2022-07-06,54245148389
2022-07-07,55080847760
2022-07-08,55653096891
2022-07-09,55487398916
2022-07-10,55610672146
2022-07-11,54433954520
2022-07-12,52813340975
2022-07-13,51652614172
2022-07-14,52792004055
2022-07-15,53970100038
2022-07-16,54484360830
2022-07-17,55814830165
2022-07-18,55629878723
2022-07-19,58978176500
2022-07-20,59158116080
2022-07-21,58470814583
2022-07-22,59267100883
2022-07-23,59193015736
2022-07-24,59245842896
2022-07-25,59843263392
2022-07-26,57302987837
2022-07-27,57170958724
2022-07-28,60037112020
2022-07-29,61739917923
2022-07-30,61276823638
2022-07-31,61349283323
2022-08-01,61040535280
2022-08-02,60469609927
2022-08-03,59429371656
2022-08-04,60126109326
2022-08-05,60915226037
2022-08-06,62010318545
2022-08-07,61452720543
2022-08-08,62569377839
2022-08-09,62822622108
2022-08-10,61079870947
2022-08-11,63853941886
2022-08-12,63638240062
2022-08-13,64155241266
2022-08-14,64309259098
2022-08-15,63345138885
2022-08-16,62674985113
2022-08-17,62837154436
2022-08-18,61697809883
2022-08-19,60904165860
2022-08-20,57846242883
2022-08-21,57491048530
2022-08-22,58353263673
2022-08-23,58365235639
2022-08-24,58563543988
2022-08-25,58736455503
2022-08-26,59121353537
2022-08-27,56334029681
2022-08-28,56001203489
2022-08-29,54966113275
2022-08-30,56598818630
2022-08-31,56424841479
2022-09-01,56087249969
2022-09-02,56659054832
2022-09-03,56542826895
2022-09-04,56272263246
2022-09-05,56235565993
2022-09-06,56924220438
2022-09-07,54478340045
2022-09-08,55476061041
2022-09-09,55494793507
2022-09-10,56898120774
2022-09-11,57617189746
2022-09-12,56977683227
2022-09-13,56499647814
2022-09-14,53471412212
2022-09-15,52449281946
2022-09-16,51406612759
2022-09-17,51678640948
2022-09-18,52295632174
2022-09-19,50817066859
2022-09-20,51193786049
2022-09-21,51045200049
2022-09-22,49985899726
2022-09-23,51647991622
2022-09-24,51842693912
2022-09-25,51653605021
2022-09-26,51462270867
2022-09-27,52208732784
2022-09-28,52165342293
2022-09-29,52404290761
2022-09-30,52399661991
2022-10-01,52306092667
2022-10-02,52674861869
2022-10-03,52164482092
2022-10-04,52946363827
2022-10-05,53440629170
2022-10-06,53506864509
2022-10-07,53381984802
2022-10-08,52789505297
2022-10-09,52558463278
2022-10-10,52648315774
2022-10-11,51954982265
2022-10-12,51930327416
2022-10-13,51605531827
2022-10-14,51119612754
2022-10-15,51099583091
2022-10-16,50954865814
2022-10-17,51373800458
2022-10-18,51770382987
2022-10-19,51328684504
2022-10-20,50757271222
2022-10-21,50207181075
2022-10-22,50252207642
2022-10-23,50369912162
2022-10-24,51231378299
2022-10-25,50653016301
2022-10-26,52319998212
2022-10-27,53568434375
2022-10-28,52910510642
2022-10-29,53459637418
2022-10-30,54334632653
2022-10-31,53989870592
2022-11-01,53446517168
2022-11-02,53277076643
2022-11-03,52492855523
2022-11-04,52856853161
2022-11-05,54614725967
2022-11-06,54497046195
2022-11-07,53485971351
2022-11-08,53277379155
2022-11-09,48137099063
2022-11-10,42715144218
2022-11-11,44469421588
2022-11-12,43492895655
2022-11-13,42783307042
2022-11-14,41911737067
2022-11-15,42092134325
2022-11-16,42408644602
2022-11-17,41748092775
2022-11-18,41857833291
2022-11-19,41752922192
2022-11-20,41497878099
2022-11-21,40278948590
2022-11-22,40028777850
2022-11-23,40021935217
2022-11-24,40551131098
2022-11-25,40289930470
2022-11-26,40237966881
2022-11-27,40739811180
2022-11-28,40487480483
2022-11-29,39830787972
2022-11-30,40849137391
2022-12-01,41394163433
2022-12-02,41446162586
2022-12-03,40933424089
2022-12-04,40912642962
2022-12-05,41519825643
2022-12-06,40993016363
2022-12-07,41373320711
2022-12-08,41340059343
2022-12-09,41487259662
2022-12-10,41451768352
2022-12-11,41741330106
2022-12-12,41289753278
2022-12-13,41252856040
2022-12-14,41366496007
2022-12-15,41276512407
2022-12-16,40616093768
2022-12-17,38800314025
2022-12-18,39020145772
2022-12-19,39125420017
2022-12-20,38510818488
2022-12-21,39088699301
2022-12-22,39075224103
2022-12-23,39066236874
2022-12-24,39007248969
2022-12-25,39055265561
2022-12-26,38676416189
2022-12-27,38868145980
2022-12-28,38663478116
2022-12-29,38409233423
2022-12-30,38402011979
2022-12-31,38289881319
2023-01-01,37831439596
2023-01-02,38111957099
2023-01-03,38313815504
2023-01-04,38353400260
2023-01-05,38993164782
2023-01-06,38879208483
2023-01-07,38960472311
2023-01-08,39061541787
2023-01-09,39792618494
2023-01-10,40146304588
2023-01-11,40343217718
2023-01-12,41422866188
2023-01-13,41683766834
2023-01-14,43851387232
2023-01-15,43834137104
2023-01-16,44213400713
2023-01-17,44253182127
2023-01-18,44397853439
2023-01-19,43426582453
2023-01-20,44108731595
2023-01-21,46118825866
2023-01-22,45984004388
2023-01-23,46080668992
2023-01-24,46338768171
2023-01-25,45612954214
2023-01-26,46802460827
2023-01-27,46509656925
2023-01-28,46996400440
2023-01-29,46841807509
2023-01-30,47796346738
2023-01-31,46306222169
2023-02-01,46770690024
2023-02-02,48475662175
2023-02-03,48043255918
2023-02-04,48251051132
2023-02-05,48184498215
2023-02-06,47768624055
2023-02-07,47566036528
2023-02-08,48739430648
2023-02-09,48263030757
2023-02-10,46168278918
2023-02-11,45964269095
2023-02-12,46468497825
2023-02-13,46227964107
2023-02-14,45879186087
2023-02-15,46666464774
2023-02-16,49384136019
2023-02-17,48494051838
2023-02-18,49793120035
2023-02-19,50093800095
2023-02-20,49806981408
2023-02-21,50460957300
2023-02-22,49430873608
2023-02-23,49181638449
2023-02-24,49206666539
2023-02-25,48251163478
2023-02-26,47984827659
2023-02-27,48995991771
2023-02-28,49001013318
2023-03-01,48683308203
2023-03-02,49562576237
2023-03-03,49182503371
2023-03-04,47681630203
2023-03-05,47595153135
2023-03-06,47673380170
2023-03-07,47608607772
2023-03-08,47402172051
2023-03-09,46449111675
2023-03-10,44225311790
2023-03-11,43816987099
2023-03-12,42180516442
2023-03-13,45564691326
2023-03-14,46457778089
2023-03-15,46903969013
2023-03-16,45754428367
2023-03-17,45656969041
2023-03-18,48141724353
2023-03-19,47955046060
2023-03-20,48129795508
2023-03-21,48108890084
2023-03-22,48909580082
2023-03-23,48077135511
2023-03-24,49096245595
2023-03-25,48061730701
2023-03-26,47965422285
2023-03-27,48244073036
2023-03-28,47323186524
2023-03-29,47846427401
2023-03-30,48491090148
2023-03-31,48635223132
2023-04-01,48999251808
2023-04-02,48959057563
2023-04-03,48499472010
2023-04-04,48614229756
2023-04-05,49833211134
2023-04-06,49673900577
2023-04-07,49495019272
2023-04-08,49217903807
2023-04-09,49291354269
2023-04-10,49421791834
2023-04-11,50242565702
2023-04-12,50055505013
2023-04-13,50082406465
2023-04-14,52317037833
2023-04-15,52454585547
2023-04-16,52516122376
2023-04-17,52185033897
2023-04-18,51409192779
2023-04-19,52106491089
2023-04-20,49769879293
2023-04-21,49239574903
2023-04-22,47671440563
2023-04-23,47754649297
2023-04-24,47722225937
2023-04-25,47264297738
2023-04-26,47854648359
2023-04-27,48482207058
2023-04-28,48526871437
2023-04-29,48210777948
2023-04-30,48432869052
2023-05-01,48031307191
2023-05-02,46912477996
2023-05-03,47493719077
2023-05-04,48223890882
2023-05-05,48051912149
2023-05-06,49696363730
2023-05-07,48401950831
2023-05-08,47929031066
2023-05-09,46681280603
2023-05-10,46832295840
2023-05-11,46574494568
2023-05-12,45805579322
2023-05-13,45858001162
2023-05-14,45779456625
2023-05-15,45726041777
2023-05-16,46234659813
2023-05-17,46278991996
2023-05-18,46400690160
2023-05-19,46125465041
2023-05-20,46220060259
2023-05-21,46689900702
2023-05-22,46262282523
2023-05-23,46618865287
2023-05-24,47182256828
2023-05-25,45880458094
2023-05-26,45921358353
2023-05-27,46217497049
2023-05-28,46505510164
2023-05-29,47649064344
2023-05-30,47113062615
2023-05-31,47073284518
2023-06-01,45785805204
2023-06-02,45665568060
2023-06-03,46498670650
2023-06-04,46286121349
2023-06-05,46235452024
2023-06-06,44527449046
2023-06-07,45688761378
2023-06-08,44468657986
2023-06-09,44541021781
2023-06-10,43992261268
2023-06-11,42128260913
2023-06-12,42127477706
2023-06-13,41876778116
2023-06-14,42084137146
2023-06-15,40659054549
2023-06-16,40609186911
2023-06-17,41346480235
2023-06-18,41647979258
2023-06-19,41565978734
2023-06-20,41831843854
2023-06-21,43097494432
2023-06-22,44631040079
2023-06-23,44138480926
2023-06-24,44385959137
2023-06-25,44175556731
2023-06-26,44513299268
2023-06-27,44128208792
2023-06-28,44255745244
2023-06-29,43417309867
2023-06-30,43897372063
2023-07-01,45004258850
2023-07-02,44924334083
2023-07-03,45076279418
2023-07-04,45318873249
2023-07-05,45000262451
2023-07-06,44480074897
2023-07-07,43527175667
2023-07-08,43960644747
2023-07-09,44013742351
2023-07-10,43926015241
2023-07-11,44043819351
2023-07-12,44182525431
2023-07-13,43970923970
2023-07-14,45708923426
2023-07-15,44636745487
2023-07-16,44792484002
2023-07-17,44539763684
2023-07-18,44428052850
2023-07-19,44076993739
2023-07-20,43804192436
2023-07-21,43826478228
2023-07-22,43882387531
2023-07-23,43358652189
2023-07-24,43686995836
2023-07-25,42796192842
2023-07-26,42767240678
2023-07-27,42986761308
2023-07-28,42957110543
2023-07-29,43255840589
2023-07-30,43563968255
2023-07-31,41303296744
2023-08-01,40620702619
2023-08-02,40247502839
2023-08-03,39812429972
2023-08-04,40267197420
2023-08-05,40218643605
2023-08-06,40339935274
2023-08-07,40418260104
2023-08-08,40736927834
2023-08-09,41241356207
2023-08-10,41247189997
2023-08-11,41530249148
2023-08-12,41686233071
2023-08-13,41705874245
2023-08-14,41573635257
2023-08-15,41583306469
2023-08-16,41010520523
2023-08-17,40092999858
2023-08-18,38412069451
2023-08-19,38083361681
2023-08-20,38242748484
2023-08-21,38069544235
2023-08-22,37888643541
2023-08-23,37405301925
2023-08-24,38127632869
2023-08-25,37853631757
2023-08-26,37650746937
2023-08-27,37614201568
2023-08-28,37845028507
2023-08-29,37853490729
2023-08-30,39006683472
2023-08-31,38499106007
2023-09-01,37627496208
2023-09-02,37469643109
2023-09-03,37566867675
2023-09-04,37657143613
2023-09-05,37484416096
2023-09-06,37720435971
2023-09-07,37597718514
2023-09-08,37972011314
2023-09-09,37668006135
2023-09-10,37601959453
2023-09-11,37338986491
2023-09-12,36248317784
2023-09-13,36932758966
2023-09-14,37262824318
2023-09-15,37561210823
2023-09-16,38722800072
2023-09-17,38501803164
2023-09-18,38301379416
2023-09-19,38519035005
2023-09-20,38741227844
2023-09-21,38436192866
2023-09-22,37730644227
2023-09-23,37918766177
2023-09-24,37839388055
2023-09-25,37457491275
2023-09-26,37676136302
2023-09-27,37696078201
2023-09-28,37704588986
2023-09-29,38431179322
2023-09-30,38537808002
2023-10-01,38545192723
2023-10-02,39503862886
2023-10-03,38618628283
2023-10-04,38325517497
2023-10-05,38508146499
2023-10-06,38151469117
2023-10-07,38542915622
2023-10-08,38468395345
2023-10-09,38266682667
2023-10-10,37510853383
2023-10-11,36891026474
2023-10-12,36575226241
2023-10-13,36031795410
2023-10-14,36579939313
2023-10-15,36622922625
2023-10-16,36656320871
2023-10-17,37290412703
2023-10-18,36869279949
2023-10-19,36526042213
2023-10-20,36764416227
2023-10-21,37386590294
2023-10-22,38049468210
2023-10-23,38699810370
2023-10-24,40785614407
2023-10-25,40673144531
2023-10-26,41102095321
2023-10-27,41080868771
2023-10-28,40742061770
2023-10-29,41223292197
2023-10-30,41630698835
2023-10-31,42267125474
2023-11-01,41936725086
2023-11-02,42851418045
2023-11-03,42078903878
2023-11-04,42898224591
2023-11-05,43670124059
2023-11-06,43627310443
2023-11-07,43829674345
2023-11-08,43833238538
2023-11-09,44347493565
2023-11-10,46637600145
2023-11-11,46718381033
2023-11-12,46525873196
2023-11-13,46730938214
2023-11-14,45947387066
2023-11-15,45480592697
2023-11-16,47198530302
2023-11-17,45466590461
2023-11-18,45577289016
2023-11-19,45778576734
2023-11-20,46776372772
2023-11-21,46796020629
2023-11-22,44842258898
2023-11-23,46757165129
2023-11-24,46762595272
2023-11-25,47050672629
2023-11-26,46920869952
2023-11-27,46179260695
2023-11-28,45618298039
2023-11-29,46108446830
2023-11-30,45922472698
2023-12-01,46224861223
2023-12-02,46810850179
2023-12-03,48080692638
2023-12-04,48563157449
2023-12-05,49183022181
2023-12-06,50312083617
2023-12-07,49493740147
2023-12-08,50984192257
2023-12-09,51791129293
2023-12-10,51001498907
2023-12-11,50600525348
2023-12-12,49252379484
2023-12-13,48940481134
2023-12-14,50139479291
2023-12-15,51301163758
2023-12-16,49632368354
2023-12-17,49942989122
2023-12-18,49382330724
2023-12-19,50360916394
2023-12-20,49917556199
2023-12-21,50965738882
2023-12-22,51641524628
2023-12-23,52604583845
2023-12-24,52723614838
2023-12-25,52304139296
2023-12-26,52507694260
2023-12-27,52191508675
2023-12-28,54144100732
2023-12-29,53385955195
2023-12-30,52720047563
2023-12-31,52781974089
2024-01-01,52570886796
2024-01-02,54740837970
2024-01-03,54601441989
2024-01-04,52052377113
2024-01-05,53578915936
2024-01-06,53174689112
2024-01-07,52734854180
2024-01-08,52023865469
2024-01-09,54020926828
2024-01-10,54156253702
2024-01-11,57332770252
2024-01-12,57713220878
2024-01-13,55512786328
2024-01-14,56330538251
2024-01-15,55571914009
2024-01-16,55840540223
2024-01-17,56646171204
2024-01-18,55978887639
2024-01-19,54865185994
2024-01-20,55039397612
2024-01-21,55017581291
2024-01-22,54855298249
2024-01-23,52857985862
2024-01-24,52234814570
2024-01-25,52423915487
2024-01-26,52434063321
2024-01-27,53785744474
2024-01-28,54025592407
2024-01-29,53976752063
2024-01-30,55141272784
2024-01-31,54973650716
2024-02-01,53850148084
2024-02-02,54643566203
2024-02-03,54968869142
2024-02-04,54496303561
2024-02-05,54407507512
2024-02-06,55886757228
2024-02-07,57605771448
2024-02-08,58971797500
2024-02-09,60067489468
2024-02-10,61937898857
2024-02-11,62158023108
2024-02-12,62368453716
2024-02-13,64858883940
2024-02-14,64373589422
2024-02-15,67081708734
2024-02-16,67229460300
2024-02-17,66919553198
2024-02-18,66904526541
2024-02-19,68520882645
2024-02-20,69692982881
2024-02-21,70292646796
2024-02-22,69654093320
2024-02-23,69763367606
2024-02-24,68813238496
2024-02-25,70096731394
2024-02-26,71619078288
2024-02-27,73799126816
2024-02-28,75272847937
2024-02-29,78417979574
2024-03-01,78113720680
2024-03-02,80465983242
2024-03-03,80520821099
2024-03-04,82001303645
2024-03-05,84468918525
2024-03-06,82265204599
2024-03-07,87552172460
2024-03-08,88363975068
2024-03-09,89774512280
2024-03-10,90373375077
2024-03-11,90263510454
2024-03-12,94306273174
2024-03-13,92757257252
2024-03-14,94181718189
2024-03-15,92141580873
2024-03-16,89889886754
2024-03-17,85379135071
2024-03-18,88359549270
2024-03-19,86076062583
2024-03-20,79395792327
2024-03-21,87055150836
2024-03-22,86266802445
2024-03-23,83624220465
2024-03-24,84831103112
2024-03-25,87424897881
2024-03-26,90875440015
2024-03-27,91008518670
2024-03-28,89632712615
2024-03-29,91352416053
2024-03-30,90722145093
2024-03-31,90663427941
2024-04-01,92951846365
2024-04-02,90649234137
2024-04-03,86475611854
2024-04-04,87251250379
2024-04-05,87947228877
2024-04-06,87775036290
2024-04-07,88785469791
2024-04-08,90128192431
2024-04-09,95042629598
2024-04-10,91904110917
2024-04-11,92823224445
2024-04-12,93371435700
2024-04-13,85812000101
2024-04-14,79027218050
2024-04-15,83468272113
2024-04-16,83152368844
2024-04-17,82215232907
2024-04-18,80546661431
2024-04-19,82518302110
2024-04-20,83267758325
2024-04-21,85612279840
2024-04-22,85812139325
2024-04-23,87221339903
2024-04-24,87731241294
2024-04-25,85257904238
2024-04-26,85878350057
2024-04-27,85010015391
2024-04-28,87002347076
2024-04-29,87331506196
2024-04-30,85652999997
2024-05-01,81123467340
2024-05-02,81009162198
2024-05-03,82248267512
2024-05-04,85525397304
2024-05-05,86220786316
2024-05-06,86880798704
2024-05-07,85516721703
2024-05-08,84447467427
2024-05-09,82856689560
2024-05-10,84433072885
2024-05-11,82154804453
2024-05-12,82444622218
2024-05-13,82847672646
2024-05-14,82942498128
2024-05-15,81495365588
2024-05-16,85205130687
2024-05-17,84397153801
2024-05-18,87358093759
2024-05-19,87970876199
2024-05-20,87045871582
2024-05-21,96831500204
2024-05-22,98405890865
2024-05-23,98665707205
2024-05-24,97940066867
2024-05-25,97909395490
2024-05-26,98470775825
2024-05-27,100013662870
2024-05-28,100621121097
2024-05-29,99592260982
2024-05-30,98290427943
2024-05-31,98128567257
2024-06-01,98947194284
2024-06-02,99754634408
2024-06-03,99440294707
2024-06-04,99291008644
2024-06-05,100838507858
2024-06-06,102051718963
2024-06-07,101292439275
2024-06-08,98753989841
2024-06-09,98187105108
2024-06-10,98620473819
2024-06-11,97166737187
2024-06-12,94586067348
2024-06-13,96172544269
2024-06-14,94302900042
2024-06-15,93935333704
2024-06-16,95247154046
2024-06-17,96058431301
2024-06-18,93922439583
2024-06-19,92800613469
2024-06-20,93830792041
2024-06-21,92511934148
2024-06-22,92412585707
2024-06-23,92642814141
2024-06-24,90750752973
2024-06-25,88937452322
2024-06-26,90597228912
2024-06-27,89870141558
2024-06-28,90917293203
2024-06-29,89140154872
2024-06-30,89394923821
2024-07-01,91067262976
2024-07-02,91588251440
2024-07-03,90602120218
2024-07-04,88077284051
2024-07-05,83742211335
2024-07-06,82143397970
2024-07-07,83283990652
2024-07-08,80675397514
2024-07-09,82705556964
2024-07-10,83791929634
2024-07-11,84465182065
2024-07-12,84614298303
2024-07-13,85097056531
2024-07-14,86345612915
2024-07-15,88669744746
2024-07-16,91728862921
2024-07-17,92574227775
2024-07-18,91813624098
2024-07-19,91667486314
2024-07-20,94274468204
2024-07-21,94738552687
2024-07-22,95234008576
2024-07-23,94328436628
2024-07-24,94158097539
2024-07-25,91281121041
2024-07-26,89731143615
2024-07-27,92216636631
2024-07-28,92479442172
2024-07-29,92638394319
2024-07-30,93379331095
2024-07-31,91965470526
2024-08-01,90331394467
2024-08-02,89347646298
2024-08-03,85084076349
2024-08-04,82817999317
2024-08-05,77038055109
2024-08-06,72850759178
2024-08-07,75230106835
2024-08-08,72967363832
2024-08-09,78708143524
2024-08-10,78952978031
2024-08-11,79340124637
2024-08-12,77309222709
2024-08-13,79043988422
2024-08-14,80561657773
2024-08-15,78737499754
2024-08-16,77788451493
2024-08-17,78740132792
2024-08-18,79001159654
2024-08-19,79625653096
2024-08-20,79606803507
2024-08-21,79407144971
2024-08-22,80949270613
2024-08-23,80663693393
2024-08-24,84718555277
2024-08-25,84394951798
2024-08-26,84824435278
2024-08-27,82770171157
2024-08-28,77944448084
2024-08-29,78406261191
2024-08-30,78436389136
2024-08-31,78284021710
2024-09-01,78067674415
2024-09-02,76380211775
2024-09-03,78472045735
2024-09-04,76474271781
2024-09-05,77240202357
2024-09-06,75653883284
2024-09-07,72193884475
2024-09-08,73474633921
2024-09-09,74382755146
2024-09-10,76453954601
2024-09-11,76950955833
2024-09-12,76425276777
2024-09-13,77151690426
2024-09-14,79667179050
2024-09-15,78964671749
2024-09-16,77544139308
2024-09-17,75771879892
2024-09-18,77454105184
2024-09-19,77463866773
2024-09-20,80349571192
2024-09-21,82350232588
2024-09-22,82955051202
2024-09-23,82292907036
2024-09-24,84126591628
2024-09-25,84783912737
2024-09-26,83239750257
2024-09-27,85328341455
2024-09-28,86457347496
2024-09-29,85912658876
2024-09-30,85955724995
2024-10-01,84227723495
2024-10-02,80970118301
2024-10-03,78646696047
2024-10-04,78384068215
2024-10-05,80347177894
2024-10-06,80045086689
2024-10-07,79588732566
2024-10-08,80092835006
2024-10-09,79274840955
2024-10-10,77694521221
2024-10-11,77557436096
2024-10-12,80259984402
2024-10-13,81312280615
2024-10-14,81043181408
2024-10-15,84575085399
2024-10-16,83606239341
2024-10-17,83549392255
2024-10-18,82336394591
2024-10-19,83110477060
2024-10-20,83167450749
2024-10-21,85219914010
2024-10-22,85335979746
2024-10-23,85331773423
2024-10-24,83317948527
2024-10-25,84681112233
2024-10-26,82380985590
2024-10-27,82690772991
2024-10-28,82776314522
2024-10-29,84235458189
2024-10-30,86203832912
2024-10-31,86658128503
2024-11-01,83635385911
2024-11-02,83518811119
2024-11-03,83051405209
2024-11-04,82377336866
2024-11-05,80570054603
2024-11-06,82311636292
2024-11-07,89429235327
2024-11-08,92166499506
2024-11-09,93523983556
2024-11-10,96597689864
2024-11-11,99137731619
2024-11-12,103745957256
2024-11-13,103239112080
2024-11-14,101835335141
2024-11-15,99358124053
2024-11-16,101503057799
2024-11-17,102473105525
2024-11-18,101971331162
2024-11-19,104507732394
2024-11-20,103232038677
2024-11-21,102924119600
2024-11-22,109657625949
2024-11-23,110120181545
2024-11-24,111855790597
2024-11-25,111424902332
2024-11-26,109930670874
2024-11-27,108449317836
2024-11-28,116853473801
2024-11-29,115661957716
2024-11-30,117363422127
2024-12-01,119671978478
2024-12-02,120126610119
2024-12-03,118537787111
2024-12-04,126683633216
2024-12-05,125358201702
2024-12-06,124307933700
2024-12-07,129558622547
2024-12-08,129790595169
2024-12-09,129664397280
2024-12-10,120033930108
2024-12-11,120013094693
2024-12-12,126616298126
2024-12-13,127843552972
2024-12-14,128874960839
2024-12-15,127930968404
2024-12-16,130843560548
2024-12-17,133054922112
2024-12-18,130294728884
2024-12-19,123597470336
2024-12-20,117658829630
2024-12-21,117932440775
2024-12-22,114601520973
2024-12-23,113819824746
2024-12-24,117512242177
2024-12-25,120615169031
2024-12-26,120604763067
2024-12-27,116314362016
2024-12-28,115933747653
2024-12-29,118234779618
2024-12-30,116664570702
2024-12-31,115900396594
2025-01-01,115433180587
2025-01-02,117151232520
2025-01-03,119934577170
2025-01-04,124137492447
2025-01-05,125390513595
2025-01-06,125074119825
2025-01-07,126705028890
2025-01-08,118491106809
2025-01-09,116674334913
2025-01-10,113611615172
2025-01-11,115876941752
2025-01-12,116421841156
2025-01-13,115284156472
2025-01-14,112832996309
2025-01-15,116028215159
2025-01-16,122171437233
2025-01-17,119897284990
2025-01-18,124903754141
2025-01-19,121884529763
2025-01-20,119133963183
2025-01-21,120065659071
2025-01-22,122847893161
2025-01-23,121613650518
2025-01-24,122641143368
2025-01-25,122324367236
2025-01-26,123202176741
2025-01-27,121015168430
2025-01-28,117755785881
2025-01-29,115474573209
2025-01-30,117565773142
2025-01-31,120770548519
2025-02-01,119699752961
2025-02-02,115180832555
2025-02-03,106854399609
2025-02-04,109698236160
2025-02-05,105980362917
2025-02-06,106742776935
2025-02-07,106414877238
2025-02-08,105966339174
2025-02-09,106744398310
2025-02-10,106779485491
2025-02-11,108317242415
2025-02-12,107009687313
2025-02-13,110758738918
2025-02-14,109299205683
2025-02-15,110285079888
2025-02-16,109829597542
2025-02-17,108928789446
2025-02-18,108758639449
2025-02-19,107055349044
2025-02-20,108944617693
2025-02-21,110282272317
2025-02-22,106904170627
2025-02-23,108973673959
2025-02-24,110271151206
2025-02-25,102457180904
2025-02-26,100646557434
2025-02-27,95999706380
2025-02-28,95767682800
2025-03-01,96078545762
2025-03-02,96459360507
2025-03-03,104683076036
2025-03-04,94620245364
2025-03-05,95130633816
2025-03-06,98149468150
2025-03-07,95859112557
2025-03-08,95272201599
2025-03-09,95867263634
2025-03-10,90237903537
2025-03-11,86383670494
2025-03-12,88956924025
2025-03-13,89340213826
2025-03-14,88646764713
2025-03-15,90882500096
2025-03-16,92095275925
2025-03-17,90351131565
2025-03-18,91739587858
2025-03-19,91730200669
2025-03-20,94482074599
2025-03-21,92061217412
2025-03-22,91947033577
2025-03-23,92597703456
2025-03-24,94254965145
2025-03-25,97524218037
2025-03-26,98386626836
2025-03-27,97061071205
2025-03-28,96698887588
2025-03-29,92853340474
2025-03-30,90670604700
2025-03-31,89441218942
2025-04-01,91530656572
2025-04-02,93248891473
2025-04-03,90501325453
2025-04-04,91257346871
2025-04-05,91776834673
2025-04-06,91397302990
2025-04-07,84605136209
2025-04-08,84196861570
2025-04-09,81911621881
2025-04-10,87644171546
2025-04-11,84127911790
2025-04-12,85787641600
2025-04-13,87993067001
2025-04-14,87137881588
2025-04-15,87208468282
2025-04-16,86800762009
2025-04-17,85908361938
2025-04-18,86145378933
2025-04-19,85690291464
2025-04-20,86985725332
2025-04-21,86628536342
2025-04-22,85996755505
2025-04-23,91521676359
2025-04-24,92787720110
2025-04-25,93722766656
2025-04-26,95897114811
2025-04-27,96960865869
2025-04-28,96244435896
2025-04-29,96795417192
2025-04-30,96085456091
2025-05-01,95961007787
2025-05-02,97882047380
2025-05-03,98454516848
2025-05-04,97879452447
2025-05-05,96905009871
2025-05-06,96485754135
2025-05-07,96501106640
2025-05-08,95573496286
2025-05-09,105370733823
2025-05-10,108359488802
2025-05-11,114423287452
2025-05-12,113023511347
2025-05-13,111156675533
2025-05-14,115477098217
2025-05-15,112706601403
2025-05-16,110625994166
2025-05-17,110686422726
2025-05-18,109545733795
2025-05-19,110362668131
2025-05-20,111488693362
2025-05-21,112238552334
2025-05-22,114220724625
2025-05-23,116460852249
2025-05-24,111886367646
2025-05-25,112067115980
2025-05-26,113239465828
2025-05-27,114024232614
2025-05-28,115905968612
2025-05-29,115569120731
2025-05-30,112985902129
2025-05-31,109943058047
2025-06-01,110137412154
2025-06-02,110837274109
2025-06-03,110341391576
2025-06-04,109745622797
2025-06-05,109762240203
2025-06-06,104859003778
2025-06-07,107186218672
2025-06-08,108849471316
2025-06-09,108738464168
2025-06-10,112994109018
2025-06-11,116245336348
2025-06-12,115456610369
2025-06-13,109776669531
2025-06-14,109799780131
2025-06-15,108802305637
2025-06-16,109138593906
2025-06-17,111391570420
2025-06-18,109691040763
2025-06-19,110089858942
2025-06-20,110099657746
2025-06-21,106678712685
2025-06-22,103437956711
2025-06-23,100929843975
2025-06-24,106929578076
2025-06-25,108584604160
2025-06-26,108417734498
2025-06-27,107120250885
2025-06-28,107564738313
2025-06-29,109164630438
2025-06-30,110760566233
2025-07-01,110347959143
2025-07-02,108168553907
2025-07-03,111958200264
2025-07-04,113495720975
2025-07-05,111253235235
2025-07-06,111813413419
2025-07-07,113251125670
2025-07-08,112194905775
2025-07-09,114120657068
2025-07-10,118025116420
2025-07-11,122807397195
2025-07-12,123264448006
2025-07-13,122998736194
2025-07-14,124370796453
2025-07-15,124814243985
2025-07-16,126465558230
2025-07-17,130057702318
2025-07-18,132171848691
2025-07-19,133639437307
2025-07-20,134621004330
2025-07-21,138376203151
2025-07-22,138333401908
2025-07-23,139802932926
2025-07-24,136377938232
2025-07-25,135869847471
2025-07-26,137793962849
2025-07-27,138595816132
2025-07-28,142318806172
2025-07-29,139287788707
2025-07-30,138915358856
2025-07-31,138708662023
2025-08-01,135731073674
2025-08-02,130683507630
2025-08-03,128369106031
2025-08-04,131890020858
2025-08-05,136369923525
2025-08-06,135120082640
2025-08-07,137263566997
2025-08-08,143472342920
2025-08-09,144576762359
2025-08-10,149177902683
2025-08-11,148846420716
2025-08-12,147673529657
2025-08-13,154590073116
2025-08-14,157811870663
2025-08-15,153085561442
2025-08-16,150308382255
2025-08-17,150451120243
2025-08-18,150805637096
2025-08-19,148097767828
2025-08-20,142750835797
2025-08-21,148027258352
2025-08-22,146769025168
2025-08-23,158149684003
2025-08-24,159336680591
2025-08-25,156436399136
2025-08-26,149600544449
2025-08-27,154048998321
2025-08-28,153618587216
2025-08-29,154856564177
2025-08-30,150823026925
2025-08-31,151095008342
2025-09-01,150696761620
2025-09-02,148612815916
2025-09-03,149775409763
2025-09-04,153238399082
2025-09-05,150208757564
2025-09-06,150732198654
2025-09-07,149828106290
2025-09-08,151391385677
2025-09-09,152251254284
2025-09-10,152257610340
2025-09-11,154253994967
2025-09-12,156836306654
2025-09-13,162148381151
2025-09-14,161479915422
2025-09-15,159605271742
2025-09-16,158021846434
2025-09-17,157971447292
2025-09-18,160558031551
2025-09-19,161371875663
2025-09-20,158703283296
2025-09-21,160256113600
2025-09-22,158342810189
2025-09-23,152643041032
2025-09-24,150591927583
2025-09-25,150803639344
2025-09-26,145612444991
2025-09-27,148912873669
2025-09-28,150156358185
2025-09-29,154072853438
2025-09-30,155977538456
2025-10-01,155290320790
2025-10-02,161287987196
2025-10-03,164601600271
2025-10-04,166069126564
2025-10-05,165707088137
2025-10-06,166676852694
2025-10-07,171018224542
2025-10-08,167141089763
2025-10-09,168917315361
2025-10-10,164703554498
2025-10-11,147617624855
2025-10-12,145622898885
2025-10-13,155693782028
2025-10-14,158868654569
2025-10-15,155903213619
2025-10-16,150874570831
2025-10-17,148015538990
2025-10-18,145486833904
2025-10-19,148426545047
2025-10-20,148877670838
2025-10-21,150956695687
2025-10-22,147545783473
2025-10-23,144873373066
2025-10-24,146922739121
2025-10-25,149157775030
2025-10-26,149503565525
2025-10-27,154796217831
2025-10-28,154027766546
2025-10-29,150968027227
2025-10-30,149842794404
2025-10-31,146807249761
2025-11-01,147130917779
2025-11-02,147179884650
2025-11-03,147399166438
2025-11-04,139018721045
2025-11-05,128915103048
2025-11-06,130067259833
2025-11-07,127394888911
2025-11-08,130024591170
2025-11-09,128936501100
2025-11-10,133116421518
2025-11-11,133316509286
2025-11-12,129464397716
2025-11-13,129014587069
2025-11-14,126166316435
2025-11-15,123674777549
2025-11-16,123814422720
2025-11-17,120970665615
2025-11-18,118585818568
2025-11-19,121536787185
2025-11-20,119211132483
2025-11-21,115213149077
2025-11-22,111541586637
2025-11-23,110094213831
2025-11-24,111816166873
2025-11-25,115575247441
2025-11-26,115699055864
2025-11-27,118094264467
2025-11-28,117747518866
2025-11-29,117652660897
2025-11-30,116370995772
2025-12-01,115331755513
2025-12-02,111077151913
2025-12-03,116063491812
2025-12-04,120566659844
2025-12-05,119012756138
2025-12-06,116815572977
2025-12-07,116775499387
2025-12-08,117198563439
2025-12-09,117861925612
2025-12-10,121378351148
2025-12-11,120591850406
2025-12-12,120189883665
2025-12-13,118280741897
2025-12-14,119131858162
2025-12-15,118763936432
2025-12-16,115617703895
2025-12-17,116584023491
2025-12-18,113720820560
2025-12-19,113163358586
2025-12-20,116282725860
2025-12-21,116746379401
2025-12-22,117554303266
2025-12-23,117127591994
2025-12-24,114843764940
2025-12-25,115097882902
2025-12-26,114373547012
2025-12-27,114425277669
2025-12-28,115044230953
2025-12-29,115487288723
2025-12-30,113609934604
2025-12-31,113447990194
2026-01-01,114494147409
2026-01-02,116959094892
2026-01-03,119241319787
2026-01-04,120620461653
2026-01-05,121398119694
2026-01-06,123919628416
2026-01-07,124651134389
2026-01-08,121430405796
2026-01-09,119615085567
2026-01-10,118746901452
2026-01-11,119791522165
2026-01-12,120606074678
2026-01-13,119196842313
2026-01-14,125857456009
2026-01-15,127685030329
2026-01-16,126647406349
2026-01-17,126828531909
2026-01-18,127746738294
2026-01-19,125102882864
2026-01-20,124541558640
2026-01-21,117544718865
2026-01-22,118693258789
2026-01-23,118074510419
2026-01-24,117940850253
2026-01-25,118549771835
2026-01-26,114812441565
2026-01-27,117648886809
2026-01-28,119632890468
2026-01-29,119800533605
2026-01-30,114694925575
2026-01-31,112591306997
2026-02-01,106258994995
2026-02-02,102493376103
2026-02-03,103879170577
2026-02-04,102228662336
2026-02-05,99551991100
2026-02-06,89451371541
2026-02-07,95505652299
2026-02-08,96816554670
2026-02-09,97491047658
2026-02-10,97225420235
2026-02-11,95415237510
2026-02-12,94159658920
2026-02-13,93759782935
2026-02-14,95959104432
2026-02-15,96704515679
2026-02-16,94761214040
2026-02-17,95028900337
2026-02-18,94686013944
2026-02-19,91979629626
2026-02-20,92288559511
2026-02-21,92316246499
2026-02-22,92624456482
2026-02-23,91741136387
2026-02-24,88855159568
2026-02-25,88591976286
2026-02-26,93279692445
2026-02-27,92721753092
2026-02-28,90677111817
2026-03-01,91372673334
2026-03-02,90445353325
2026-03-03,92812919020
2026-03-04,91432994801
2026-03-05,95509583225
2026-03-06,94936483327
2026-03-07,92598711715
2026-03-08,92594021032
2026-03-09,91949937780
2026-03-10,93876750330
2026-03-11,94067546124
2026-03-12,93561291240
2026-03-13,94951761385
2026-03-14,94555569256
2026-03-15,95267087149
2026-03-16,97059059013
2026-03-17,99756325670
2026-03-18,99279213521
2026-03-19,95929796981
2026-03-20,94130736316
2026-03-21,95503254599
2026-03-22,94614451433
2026-03-23,92206655519
2026-03-24,94659009065
2026-03-25,94897896405
2026-03-26,95709798178
2026-03-27,93087491014
2026-03-28,91421641988
2026-03-29,91682659234
2026-03-30,91708391025
2026-03-31,91778441007
2026-04-01,94013387541
2026-04-02,93244472552
2026-04-03,91617111801
2026-04-04,91215175892
2026-04-05,91725717031
2026-04-06,93095212773
2026-04-07,91364287038
2026-04-08,94676426087
2026-04-09,93840202400
2026-04-10,94483711600
2026-04-11,95694871002
2026-04-12,96481500716
2026-04-13,94010317468
2026-04-14,98018648076
2026-04-15,97456146545
2026-04-16,97880429169
2026-04-17,98011696864
2026-04-18,99223339822
2026-04-19,92629787023
2026-04-20,85827943186
2026-04-21,85288598163
2026-04-22,84822995104
2026-04-23,85616728619
2026-04-24,84230581727
2026-04-25,83275186586
2026-04-26,83765497470
2026-04-27,84944434000
2026-04-28,83389551354
2026-04-29,82857534746
2026-04-30,82970582400
2026-05-01,83142746990
2026-05-02,83643019442
2026-05-03,83979837957
2026-05-04,84243019727
2026-05-05,84343267043
2026-05-06,84974721126
2026-05-07,84884991883
2026-05-08,84167650921
2026-05-09,84449155926
2026-05-10,84698742454
2026-05-11,85763997675
2026-05-12,85286006981
2026-05-13,84646689285
2026-05-14,84007582921
2026-05-15,84978633616
2026-05-16,83648854239
2026-05-17,82691632126
2026-05-18,81755758241
2026-05-19,81371222848
2026-05-20,80694102148
2026-05-21,81325628756
2026-05-22,81685659104
2026-05-23,80318397778
2026-05-24,81514693509
2026-05-25,81304733572
2026-05-26,81761664371
2026-05-27,80513856073
2026-05-28,80121660690
2026-05-29,79843941372
2026-05-30,79381816626
2026-05-31,80065631390
2026-06-01,79905052196
2026-06-02,78991457533
2026-06-03,75100678266
2026-06-04,74356093376
2026-06-05,73414410838
2026-06-06,69583338797
2026-06-07,69385755258
2026-06-08,71999561762
2026-06-09,71673382541
2026-06-10,70430629856
2026-06-11,69582732210
2026-06-12,70978998650
2026-06-13,71437687365
2026-06-14,72213521596
2026-06-15,73284773016
2026-06-16,74008498595
2026-06-17,74534512765
2026-06-18,73412514811
2026-06-19,72344522281
2026-06-20,72563475998
2026-06-21,73262531913
2026-06-22,72403263067
2026-06-23,73169254949
2026-06-24,71848977015
2026-06-25,70385488985
2026-06-26,69771013775
2026-06-27,69641514873
