date,sc_peggedUSD
2019-04-16,10
2019-04-17,10
2019-04-18,50061197
2019-04-19,50061197
2019-04-20,50061197
2019-04-21,50061197
2019-04-22,50062198
2019-04-23,50062198
2019-04-24,100023263
2019-04-25,106531217
2019-04-26,106531217
2019-04-27,132563034
2019-04-28,138070766
2019-04-29,138070766
2019-04-30,138070766
2019-05-01,138070766
2019-05-02,138070766
2019-05-03,138070766
2019-05-04,138070766
2019-05-05,138070766
2019-05-06,138070766
2019-05-07,138070766
2019-05-08,138070766
2019-05-09,138070766
2019-05-10,63980209
2019-05-11,63980209
2019-05-12,63980209
2019-05-13,63980209
2019-05-14,63980209
2019-05-15,37948392
2019-05-16,37948392
2019-05-17,37948392
2019-05-18,37948392
2019-05-19,37948392
2019-05-20,37948392
2019-05-21,37948392
2019-05-22,37948392
2019-05-23,37948392
2019-05-24,37948392
2019-05-25,37948392
2019-05-26,37948392
2019-05-27,37948392
2019-05-28,37948392
2019-05-29,37948392
2019-05-30,37948392
2019-05-31,37948392
2019-06-01,37948392
2019-06-02,37948392
2019-06-03,37948392
2019-06-04,37948392
2019-06-05,37948392
2019-06-06,37948392
2019-06-07,37948392
2019-06-08,37948392
2019-06-09,37948392
2019-06-10,37948392
2019-06-11,37948392
2019-06-12,37948392
2019-06-13,37948392
2019-06-14,37948392
2019-06-15,37948392
2019-06-16,37948392
2019-06-17,37948392
2019-06-18,37948392
2019-06-19,37948392
2019-06-20,37948392
2019-06-21,37948392
2019-06-22,37948392
2019-06-23,37948392
2019-06-24,37948392
2019-06-25,37948392
2019-06-26,37948392
2019-06-27,37948392
2019-06-28,37948392
2019-06-29,37948392
2019-06-30,37948392
2019-07-01,37948392
2019-07-02,37948392
2019-07-03,37948392
2019-07-04,37948392
2019-07-05,37948392
2019-07-06,37948392
2019-07-07,37948392
2019-07-08,37948392
2019-07-09,37948392
2019-07-10,37948392
2019-07-11,37948392
2019-07-12,37948392
2019-07-13,88009579
2019-07-14,88009579
2019-07-15,88009579
2019-07-16,88009579
2019-07-17,88009579
2019-07-18,88009579
2019-07-19,100024264
2019-07-20,100024264
2019-07-21,100024264
2019-07-22,100024264
2019-07-23,100024264
2019-07-24,100024264
2019-07-25,100024264
2019-07-26,100024264
2019-07-27,100024264
2019-07-28,100024264
2019-07-29,100024264
2019-07-30,100024264
2019-07-31,107533442
2019-08-01,107533442
2019-08-02,107533442
2019-08-03,107533442
2019-08-04,107533442
2019-08-05,107533442
2019-08-06,107533442
2019-08-07,107533442
2019-08-08,112539560
2019-08-09,112539560
2019-08-10,112539560
2019-08-11,112539560
2019-08-12,112539560
2019-08-13,112539560
2019-08-14,112539560
2019-08-15,112539560
2019-08-16,112539560
2019-08-17,112539560
2019-08-18,112539560
2019-08-19,112539560
2019-08-20,112539560
2019-08-21,112539560
2019-08-22,112539560
2019-08-23,112539560
2019-08-24,112539560
2019-08-25,112539560
2019-08-26,112539560
2019-08-27,112539560
2019-08-28,112539560
2019-08-29,112539560
2019-08-30,112539560
2019-08-31,112539560
2019-09-01,112539560
2019-09-02,112539560
2019-09-03,112539560
2019-09-04,112539560
2019-09-05,112539560
2019-09-06,112539560
2019-09-07,112539560
2019-09-08,112539560
2019-09-09,112539560
2019-09-10,112539560
2019-09-11,112539560
2019-09-12,112539560
2019-09-13,112539560
2019-09-14,112539560
2019-09-15,112539560
2019-09-16,112539560
2019-09-17,112539560
2019-09-18,112539560
2019-09-19,112539560
2019-09-20,112539560
2019-09-21,112539560
2019-09-22,112539560
2019-09-23,112539560
2019-09-24,112539560
2019-09-25,112539560
2019-09-26,102527323
2019-09-27,102527323
2019-09-28,102527323
2019-09-29,102527323
2019-09-30,108534665
2019-10-01,113540784
2019-10-02,119548127
2019-10-03,121550574
2019-10-04,134165993
2019-10-05,138170888
2019-10-06,139672724
2019-10-07,161086496
2019-10-08,162588332
2019-10-09,165592003
2019-10-10,171098733
2019-10-11,186817946
2019-10-12,194327124
2019-10-13,194327124
2019-10-14,196830183
2019-10-15,196830183
2019-10-16,196830183
2019-10-17,196830183
2019-10-18,216854658
2019-10-19,246891370
2019-10-20,254901160
2019-10-21,279931753
2019-10-22,304962346
2019-10-23,334999058
2019-10-24,451141011
2019-10-25,631861894
2019-10-26,712955009
2019-10-27,774013637
2019-10-28,818053464
2019-10-29,818053464
2019-10-30,818053464
2019-10-31,833071820
2019-11-01,833071820
2019-11-02,837073712
2019-11-03,837073712
2019-11-04,845584113
2019-11-05,845584113
2019-11-06,845584113
2019-11-07,845584113
2019-11-08,845584113
2019-11-09,845584113
2019-11-10,845584113
2019-11-11,845584113
2019-11-12,845584113
2019-11-13,845584113
2019-11-14,845584113
2019-11-15,845584113
2019-11-16,845584113
2019-11-17,845584113
2019-11-18,845584113
2019-11-19,845584113
2019-11-20,845584113
2019-11-21,845584113
2019-11-22,845584113
2019-11-23,875620825
2019-11-24,875620825
2019-11-25,875620825
2019-11-26,875620825
2019-11-27,875620825
2019-11-28,877623273
2019-11-29,877623273
2019-11-30,877623273
2019-12-01,877623273
2019-12-02,877623273
2019-12-03,877623273
2019-12-04,877623273
2019-12-05,877623273
2019-12-06,877623273
2019-12-07,877623273
2019-12-08,877623273
2019-12-09,877623273
2019-12-10,877623273
2019-12-11,917672222
2019-12-12,917672222
2019-12-13,917672222
2019-12-14,917672222
2019-12-15,917672222
2019-12-16,917672222
2019-12-17,917672222
2019-12-18,917672222
2019-12-19,917672222
2019-12-20,917672222
2019-12-21,917672222
2019-12-22,917672222
2019-12-23,917672222
2019-12-24,917672222
2019-12-25,917672222
2019-12-26,917672222
2019-12-27,917672222
2019-12-28,917672222
2019-12-29,917672222
2019-12-30,917672222
2019-12-31,917672222
2020-01-01,917672222
2020-01-02,917672222
2020-01-03,917672222
2020-01-04,917672222
2020-01-05,917672222
2020-01-06,917672222
2020-01-07,917672222
2020-01-08,917672222
2020-01-09,917672222
2020-01-10,917672222
2020-01-11,917672222
2020-01-12,917672222
2020-01-13,917672222
2020-01-14,917672222
2020-01-15,917672222
2020-01-16,917672222
2020-01-17,917672222
2020-01-18,917672222
2020-01-19,917672222
2020-01-20,917672222
2020-01-21,917672222
2020-01-22,917672222
2020-01-23,917672222
2020-01-24,917672222
2020-01-25,917672222
2020-01-26,917672222
2020-01-27,917672222
2020-01-28,917672222
2020-01-29,917672222
2020-01-30,917672222
2020-01-31,917672222
2020-02-01,917672222
2020-02-02,917672222
2020-02-03,917672222
2020-02-04,917672222
2020-02-05,815391620
2020-02-06,815391620
2020-02-07,815391620
2020-02-08,815391620
2020-02-09,815391620
2020-02-10,840422214
2020-02-11,840422214
2020-02-12,840422214
2020-02-13,840422214
2020-02-14,840422214
2020-02-15,860446688
2020-02-16,860446688
2020-02-17,860446688
2020-02-18,864451583
2020-02-19,864451583
2020-02-20,564084464
2020-02-21,564084464
2020-02-22,584108939
2020-02-23,584108939
2020-02-24,584108939
2020-02-25,584108939
2020-02-26,584108939
2020-02-27,599127295
2020-02-28,599127295
2020-02-29,599127295
2020-03-01,599127295
2020-03-02,599127295
2020-03-03,599127295
2020-03-04,599127295
2020-03-05,599127295
2020-03-06,599127295
2020-03-07,599127295
2020-03-08,599127295
2020-03-09,599127295
2020-03-10,599127295
2020-03-11,599127295
2020-03-12,605134637
2020-03-13,660201942
2020-03-14,660201942
2020-03-15,660201942
2020-03-16,710263129
2020-03-17,760324315
2020-03-18,763327986
2020-03-19,763327986
2020-03-20,763327986
2020-03-21,763327986
2020-03-22,763327986
2020-03-23,763327986
2020-03-24,763327986
2020-03-25,763327986
2020-03-26,763327986
2020-03-27,763327986
2020-03-28,763327986
2020-03-29,763327986
2020-03-30,763327986
2020-03-31,763327986
2020-04-01,763327986
2020-04-02,763327986
2020-04-03,763327986
2020-04-04,763327986
2020-04-05,763327986
2020-04-06,763327986
2020-04-07,763327986
2020-04-08,763327986
2020-04-09,763327986
2020-04-10,763327986
2020-04-11,763327986
2020-04-12,763327986
2020-04-13,763327986
2020-04-14,763327986
2020-04-15,763327986
2020-04-16,763327986
2020-04-17,763327986
2020-04-18,763327986
2020-04-19,763327986
2020-04-20,763327986
2020-04-21,763327986
2020-04-22,763327986
2020-04-23,769335329
2020-04-24,787357356
2020-04-25,787357356
2020-04-26,787357356
2020-04-27,854439346
2020-04-28,904500532
2020-04-29,1064696329
2020-04-30,1144794228
2020-05-01,1144794228
2020-05-02,1144794228
2020-05-03,1144794228
2020-05-04,1224892126
2020-05-05,1224892126
2020-05-06,1304990025
2020-05-07,1405112398
2020-05-08,1505234771
2020-05-09,1605357144
2020-05-10,1685455043
2020-05-11,1785577416
2020-05-12,1885699789
2020-05-13,1985822162
2020-05-14,2186066908
2020-05-15,2186066908
2020-05-16,2186066908
2020-05-17,2186066908
2020-05-18,2186066908
2020-05-19,2186066908
2020-05-20,2186066908
2020-05-21,2186066908
2020-05-22,2186066908
2020-05-23,2286189281
2020-05-24,2286189281
2020-05-25,2286189281
2020-05-26,2286189281
2020-05-27,2286189281
2020-05-28,2286189281
2020-05-29,2286189281
2020-05-30,2286189281
2020-05-31,2386311654
2020-06-01,2386311654
2020-06-02,2586556400
2020-06-03,2586556400
2020-06-04,2586556400
2020-06-05,2586556400
2020-06-06,2586556400
2020-06-07,2586556400
2020-06-08,2586556400
2020-06-09,2586556400
2020-06-10,2686678773
2020-06-11,2686678773
2020-06-12,2686678773
2020-06-13,2786801146
2020-06-14,2786801146
2020-06-15,2786801146
2020-06-16,2786801146
2020-06-17,2886923520
2020-06-18,2886923520
2020-06-19,2886923520
2020-06-20,2886923520
2020-06-21,2886923520
2020-06-22,2886923520
2020-06-23,2886923520
2020-06-24,2886923520
2020-06-25,2886923520
2020-06-26,2885557695
2020-06-27,2886240607
2020-06-28,2886240607
2020-06-29,2886240607
2020-06-30,2886240607
2020-07-01,2886240607
2020-07-02,2886240607
2020-07-03,2886240607
2020-07-04,2886240607
2020-07-05,2886240607
2020-07-06,2886240607
2020-07-07,2886240607
2020-07-08,2886240607
2020-07-09,2886240607
2020-07-10,2886240607
2020-07-11,2886240607
2020-07-12,2886240607
2020-07-13,2886240607
2020-07-14,2886240607
2020-07-15,2886240607
2020-07-16,2886240607
2020-07-17,2886240607
2020-07-18,2886240607
2020-07-19,2886240607
2020-07-20,2886240607
2020-07-21,2886240607
2020-07-22,2886240607
2020-07-23,3006387455
2020-07-24,3006387455
2020-07-25,3156571015
2020-07-26,3156571015
2020-07-27,3156571015
2020-07-28,3156571015
2020-07-29,3456938134
2020-07-30,3456938134
2020-07-31,3456938134
2020-08-01,3707244067
2020-08-02,3707244067
2020-08-03,3707244067
2020-08-04,3707244067
2020-08-05,3707244067
2020-08-06,3907488813
2020-08-07,3907488813
2020-08-08,3907488813
2020-08-09,3907488813
2020-08-10,3907488813
2020-08-11,3907488813
2020-08-12,3907488813
2020-08-13,3907488813
2020-08-14,3907488813
2020-08-15,3907488813
2020-08-16,3907488813
2020-08-17,4107733559
2020-08-18,4307978305
2020-08-19,4307978305
2020-08-20,3306754574
2020-08-21,3306754574
2020-08-22,3306754574
2020-08-23,3306754574
2020-08-24,3306754574
2020-08-25,3306754574
2020-08-26,3506999320
2020-08-27,3506991679
2020-08-28,3757301432
2020-08-29,3757301432
2020-08-30,3757301432
2020-08-31,3757301432
2020-09-01,4007607365
2020-09-02,4007607365
2020-09-03,4257913298
2020-09-04,4257913298
2020-09-05,4257913298
2020-09-06,4257913298
2020-09-07,4257913298
2020-09-08,4508191220
2020-09-09,4508191220
2020-09-10,4758497153
2020-09-11,4758405735
2020-09-12,4758405735
2020-09-13,4758405735
2020-09-14,5008711668
2020-09-15,4000482190
2020-09-16,4000482190
2020-09-17,4250788123
2020-09-18,4250788123
2020-09-19,4250788123
2020-09-20,4250788123
2020-09-21,4250779988
2020-09-22,4250779988
2020-09-23,4250779988
2020-09-24,4250779988
2020-09-25,4250779988
2020-09-26,4250779988
2020-09-27,4250779988
2020-09-28,4250779988
2020-09-29,4250779988
2020-09-30,4250779988
2020-10-01,4250779988
2020-10-02,4250779988
2020-10-03,4250716314
2020-10-04,4250716314
2020-10-05,4250716314
2020-10-06,4250716314
2020-10-07,4250716314
2020-10-08,4250716314
2020-10-09,4400899873
2020-10-10,4400899873
2020-10-11,4400899873
2020-10-12,4400899873
2020-10-13,4400899873
2020-10-14,4400899873
2020-10-15,4400899873
2020-10-16,4400899873
2020-10-17,4400899873
2020-10-18,4400899873
2020-10-19,4400899873
2020-10-20,4551083433
2020-10-21,4851450552
2020-10-22,4851450552
2020-10-23,4851450552
2020-10-24,4851450552
2020-10-25,4851450552
2020-10-26,4851450552
2020-10-27,4851450552
2020-10-28,4851450552
2020-10-29,4851450552
2020-10-30,4851450552
2020-10-31,4851450552
2020-11-01,4851450552
2020-11-02,4851450552
2020-11-03,4851450552
2020-11-04,4851450552
2020-11-05,4851450552
2020-11-06,5151808148
2020-11-07,5151808148
2020-11-08,5151808148
2020-11-09,5151808148
2020-11-10,5151808148
2020-11-11,5301991708
2020-11-12,5301991708
2020-11-13,5502236454
2020-11-14,5502236454
2020-11-15,5502236454
2020-11-16,5502236454
2020-11-17,5502236454
2020-11-18,5502236454
2020-11-19,5502236454
2020-11-20,5702481200
2020-11-21,5952787133
2020-11-22,5952787133
2020-11-23,5952787133
2020-11-24,5952787133
2020-11-25,5952787133
2020-11-26,5952787133
2020-11-27,5952787133
2020-11-28,5952787133
2020-11-29,5952787133
2020-11-30,5952787133
2020-12-01,6153031879
2020-12-02,6153031879
2020-12-03,6153031879
2020-12-04,6153031879
2020-12-05,6303215439
2020-12-06,6303215439
2020-12-07,6303215439
2020-12-08,6303215439
2020-12-09,6303215439
2020-12-10,6303215439
2020-12-11,6453385949
2020-12-12,6453385949
2020-12-13,6453385949
2020-12-14,6453385949
2020-12-15,6453385949
2020-12-16,6453385949
2020-12-17,6453385949
2020-12-18,6453385949
2020-12-19,6653630695
2020-12-20,6653630695
2020-12-21,6653630695
2020-12-22,6803814255
2020-12-23,6803814255
2020-12-24,6803814255
2020-12-25,6803814255
2020-12-26,6803814255
2020-12-27,6803814255
2020-12-28,6803814255
2020-12-29,6803814255
2020-12-30,6803814255
2020-12-31,6806129867
2021-01-01,6795852199
2021-01-02,7009437673
2021-01-03,7819824319
2021-01-04,7801120402
2021-01-05,7793207511
2021-01-06,8218012892
2021-01-07,8662814285
2021-01-08,8605150936
2021-01-09,9018664714
2021-01-10,9042528396
2021-01-11,9013863323
2021-01-12,9072092196
2021-01-13,9016381706
2021-01-14,9028015290
2021-01-15,8976361592
2021-01-16,9000160035
2021-01-17,9014724563
2021-01-18,8979114153
2021-01-19,9396872838
2021-01-20,9371582449
2021-01-21,9374384229
2021-01-22,9398333535
2021-01-23,9398333535
2021-01-24,9381140310
2021-01-25,9390576816
2021-01-26,9402409918
2021-01-27,9424538817
2021-01-28,9814785843
2021-01-29,10282734692
2021-01-30,10243407369
2021-01-31,10258487882
2021-02-01,10653843487
2021-02-02,10617303322
2021-02-03,8652410425
2021-02-04,8643679904
2021-02-05,9006934819
2021-02-06,9513748216
2021-02-07,9488466891
2021-02-08,10481086345
2021-02-09,10525526249
2021-02-10,11443357695
2021-02-11,11471605519
2021-02-12,11466866447
2021-02-13,12458969419
2021-02-14,12479064449
2021-02-15,12448163803
2021-02-16,12476614973
2021-02-17,13468891183
2021-02-18,13453436374
2021-02-19,13418257644
2021-02-20,14274440264
2021-02-21,14256100445
2021-02-22,14235311211
2021-02-23,14369644322
2021-02-24,14347396586
2021-02-25,14441446328
2021-02-26,14347576481
2021-02-27,14409376820
2021-02-28,14208553738
2021-03-01,15215214498
2021-03-02,15168256002
2021-03-03,15715807143
2021-03-04,15272543075
2021-03-05,15334863252
2021-03-06,15261286056
2021-03-07,15312638411
2021-03-08,15332322038
2021-03-09,15289851798
2021-03-10,16325174741
2021-03-11,16236878752
2021-03-12,16320748770
2021-03-13,16317407759
2021-03-14,16316176096
2021-03-15,17348389909
2021-03-16,17336846775
2021-03-17,17312866529
2021-03-18,17354325768
2021-03-19,17351322271
2021-03-20,17360143486
2021-03-21,17359613361
2021-03-22,17342957950
2021-03-23,17346293953
2021-03-24,17255923505
2021-03-25,17164735231
2021-03-26,17165124987
2021-03-27,17976401212
2021-03-28,17784416764
2021-03-29,17644616539
2021-03-30,17270912548
2021-03-31,17282698657
2021-04-01,18289594651
2021-04-02,18898224414
2021-04-03,18894927028
2021-04-04,18796302954
2021-04-05,18794154976
2021-04-06,19970906492
2021-04-07,19790328681
2021-04-08,19773646161
2021-04-09,19619112875
2021-04-10,19374692159
2021-04-11,19369950747
2021-04-12,20203197839
2021-04-13,20100264259
2021-04-14,22111463751
2021-04-15,22077085809
2021-04-16,22083916673
2021-04-17,22060625481
2021-04-18,22114123539
2021-04-19,24098394064
2021-04-20,24080404100
2021-04-21,24093707046
2021-04-22,24015567515
2021-04-23,24110892260
2021-04-24,24126950077
2021-04-25,24049304071
2021-04-26,24177341788
2021-04-27,24098596804
2021-04-28,24008459460
2021-04-29,24122879687
2021-04-30,24101141870
2021-05-01,24117402331
2021-05-02,24097514079
2021-05-03,25099206871
2021-05-04,25117441289
2021-05-05,27179987903
2021-05-06,27043502646
2021-05-07,27092440577
2021-05-08,27133771157
2021-05-09,27053024743
2021-05-10,28113717736
2021-05-11,28286181538
2021-05-12,29105458208
2021-05-13,29177169890
2021-05-14,28880236419
2021-05-15,29044529007
2021-05-16,28942803925
2021-05-17,29015885720
2021-05-18,29256942313
2021-05-19,28997855411
2021-05-20,28915370079
2021-05-21,29217450289
2021-05-22,30051165431
2021-05-23,30170665243
2021-05-24,31126759210
2021-05-25,31180099608
2021-05-26,31120390654
2021-05-27,31062897653
2021-05-28,32061096234
2021-05-29,32104571095
2021-05-30,32057434505
2021-05-31,30025630309
2021-06-01,30010638663
2021-06-02,30154645979
2021-06-03,30068471706
2021-06-04,30094231122
2021-06-05,30103748309
2021-06-06,30114680270
2021-06-07,30161118146
2021-06-08,30091866748
2021-06-09,30156436993
2021-06-10,30136174594
2021-06-11,30203318100
2021-06-12,30104106305
2021-06-13,30211975348
2021-06-14,30066261863
2021-06-15,30117217981
2021-06-16,30170252822
2021-06-17,30038501648
2021-06-18,30171382038
2021-06-19,29909767142
2021-06-20,30009409316
2021-06-21,29919277459
2021-06-22,29800161066
2021-06-23,30019024171
2021-06-24,29967863526
2021-06-25,29949198840
2021-06-26,29904577851
2021-06-27,29978008362
2021-06-28,29937407961
2021-06-29,29998648893
2021-06-30,29896033644
2021-07-01,30016823610
2021-07-02,29932288634
2021-07-03,30012765022
2021-07-04,29979936501
2021-07-05,29738509303
2021-07-06,29998009536
2021-07-07,29959058283
2021-07-08,29878706722
2021-07-09,29963500593
2021-07-10,29983407452
2021-07-11,30012799235
2021-07-12,29912255078
2021-07-13,29955168610
2021-07-14,30007012316
2021-07-15,29961481390
2021-07-16,29975027497
2021-07-17,29874802716
2021-07-18,29936604525
2021-07-19,29961780689
2021-07-20,29940948328
2021-07-21,29941681261
2021-07-22,29959324907
2021-07-23,29925271737
2021-07-24,29956863661
2021-07-25,29952439861
2021-07-26,29969788593
2021-07-27,30076828590
2021-07-28,30012506494
2021-07-29,29810828758
2021-07-30,29981487990
2021-07-31,29948804556
2021-08-01,29788098212
2021-08-02,29781426796
2021-08-03,29715018110
2021-08-04,29882331226
2021-08-05,28500560287
2021-08-06,28687132911
2021-08-07,28720650347
2021-08-08,29707708041
2021-08-09,29729081620
2021-08-10,29834478942
2021-08-11,29648229380
2021-08-12,29740383670
2021-08-13,29719951508
2021-08-14,29670551237
2021-08-15,30686933005
2021-08-16,30719899755
2021-08-17,30677960037
2021-08-18,30728773373
2021-08-19,30738496346
2021-08-20,30941576168
2021-08-21,30718903825
2021-08-22,30698036275
2021-08-23,31861121206
2021-08-24,29685916602
2021-08-25,29742297906
2021-08-26,29699758334
2021-08-27,29589376872
2021-08-28,29724608203
2021-08-29,29709060113
2021-08-30,29746471520
2021-08-31,29664178132
2021-09-01,29748875202
2021-09-02,29717189281
2021-09-03,30668404531
2021-09-04,30648441681
2021-09-05,30594355003
2021-09-06,31696855400
2021-09-07,33682307273
2021-09-08,33734830628
2021-09-09,33801543168
2021-09-10,33870638184
2021-09-11,33649063669
2021-09-12,33763577343
2021-09-13,34042807101
2021-09-14,33766330569
2021-09-15,34070934712
2021-09-16,34003992546
2021-09-17,34025178807
2021-09-18,34118594000
2021-09-19,34041239972
2021-09-20,34086508487
2021-09-21,33971455308
2021-09-22,33687412372
2021-09-23,33988923477
2021-09-24,34007856623
2021-09-25,33964670190
2021-09-26,34060480003
2021-09-27,34085272478
2021-09-28,33783861755
2021-09-29,33856359959
2021-09-30,34083714776
2021-10-01,34029970433
2021-10-02,34041184758
2021-10-03,34064154613
2021-10-04,34037268577
2021-10-05,34028423748
2021-10-06,34041848510
2021-10-07,33970518531
2021-10-08,34030494205
2021-10-09,34029264641
2021-10-10,34026017839
2021-10-11,34006444632
2021-10-12,34087118282
2021-10-13,34021433821
2021-10-14,34059631726
2021-10-15,33995221026
2021-10-16,33993855113
2021-10-17,34057669699
2021-10-18,34059904860
2021-10-19,33976064478
2021-10-20,34094792688
2021-10-21,33962062349
2021-10-22,33906322067
2021-10-23,34100409622
2021-10-24,34137944047
2021-10-25,34125393934
2021-10-26,34102785218
2021-10-27,33979895359
2021-10-28,34015363025
2021-10-29,34047794044
2021-10-30,34029112018
2021-10-31,34044188344
2021-11-01,33963220547
2021-11-02,35014205566
2021-11-03,35120388127
2021-11-04,35037762905
2021-11-05,35115912225
2021-11-06,36116652177
2021-11-07,36096862068
2021-11-08,37162327495
2021-11-09,34979102214
2021-11-10,35002643681
2021-11-11,35137594880
2021-11-12,34986570905
2021-11-13,35154684074
2021-11-14,35108124830
2021-11-15,35220856938
2021-11-16,35028109230
2021-11-17,35047848295
2021-11-18,35202417402
2021-11-19,35049699383
2021-11-20,34944589661
2021-11-21,34859764771
2021-11-22,34766556504
2021-11-23,34670234763
2021-11-24,34512702598
2021-11-25,34484747082
2021-11-26,35395141833
2021-11-27,35470746074
2021-11-28,35499943136
2021-11-29,35429821724
2021-11-30,34451145792
2021-12-01,34410633527
2021-12-02,34470718533
2021-12-03,34384707221
2021-12-04,35480789311
2021-12-05,36489693463
2021-12-06,36512116363
2021-12-07,37455741613
2021-12-08,37517835033
2021-12-09,35457002435
2021-12-10,35395039775
2021-12-11,35336478546
2021-12-12,35467116112
2021-12-13,35440664459
2021-12-14,35373592282
2021-12-15,36540097388
2021-12-16,36471710425
2021-12-17,36442769023
2021-12-18,36403670690
2021-12-19,36459008357
2021-12-20,36412763915
2021-12-21,36576071921
2021-12-22,36546624971
2021-12-23,35010011045
2021-12-24,35067151718
2021-12-25,35069593896
2021-12-26,35003234708
2021-12-27,36029977945
2021-12-28,35982897240
2021-12-29,35979023510
2021-12-30,36044305081
2021-12-31,37011871072
2022-01-01,36910070293
2022-01-02,37170337413
2022-01-03,36980344617
2022-01-04,36998068982
2022-01-05,36913812422
2022-01-06,37074264629
2022-01-07,36254896238
2022-01-08,36288333485
2022-01-09,36128936500
2022-01-10,36193488086
2022-01-11,36252179443
2022-01-12,36227627225
2022-01-13,36247690052
2022-01-14,36193591114
2022-01-15,36244844560
2022-01-16,36203942403
2022-01-17,36223466371
2022-01-18,36288862291
2022-01-19,36213271172
2022-01-20,36174856925
2022-01-21,36207804804
2022-01-22,34183600047
2022-01-23,34294720410
2022-01-24,34208095301
2022-01-25,34387765204
2022-01-26,34257635906
2022-01-27,34264552461
2022-01-28,34449546037
2022-01-29,34271545341
2022-01-30,34316744208
2022-01-31,34272766098
2022-02-01,34264116853
2022-02-02,34258204485
2022-02-03,34275020919
2022-02-04,34256754926
2022-02-05,34397944507
2022-02-06,34224372153
2022-02-07,34220839776
2022-02-08,34253216005
2022-02-09,34258554901
2022-02-10,35250132851
2022-02-11,35267112655
2022-02-12,35280787577
2022-02-13,35279234909
2022-02-14,35249628936
2022-02-15,35249487107
2022-02-16,35192978098
2022-02-17,35235427843
2022-02-18,35246223849
2022-02-19,35223479646
2022-02-20,35291314757
2022-02-21,36246662744
2022-02-22,36278453782
2022-02-23,36191644565
2022-02-24,36279743896
2022-02-25,36250641533
2022-02-26,36298807844
2022-02-27,36298277047
2022-02-28,36300613951
2022-03-01,36212552623
2022-03-02,36186712337
2022-03-03,36253142912
2022-03-04,36241470706
2022-03-05,36264660315
2022-03-06,36268109227
2022-03-07,37244405932
2022-03-08,37210836624
2022-03-09,37214834190
2022-03-10,37212065862
2022-03-11,37243666013
2022-03-12,37190838772
2022-03-13,37205530268
2022-03-14,37233175056
2022-03-15,37195800885
2022-03-16,37216829319
2022-03-17,37240112624
2022-03-18,37250787817
2022-03-19,37256031389
2022-03-20,37215472615
2022-03-21,37195825212
2022-03-22,37214818983
2022-03-23,38189746260
2022-03-24,38142601276
2022-03-25,38191017771
2022-03-26,38195514227
2022-03-27,38187212727
2022-03-28,38159192923
2022-03-29,38118232283
2022-03-30,39195582290
2022-03-31,39181959661
2022-04-01,39237386295
2022-04-02,39216678212
2022-04-03,39191781404
2022-04-04,39232737021
2022-04-05,39229086300
2022-04-06,39240002313
2022-04-07,39196662727
2022-04-08,39214142639
2022-04-09,39039044025
2022-04-10,39030256890
2022-04-11,39041515790
2022-04-12,39042699798
2022-04-13,39064961970
2022-04-14,39066811159
2022-04-15,39053524256
2022-04-16,39025819495
2022-04-17,39042989261
2022-04-18,39040394994
2022-04-19,39036068553
2022-04-20,38992570837
2022-04-21,39005394627
2022-04-22,39029644530
2022-04-23,39011114699
2022-04-24,39045166583
2022-04-25,39014130780
2022-04-26,39011933355
2022-04-27,39025158606
2022-04-28,38999727851
2022-04-29,38992100143
2022-04-30,39053254335
2022-05-01,39133110506
2022-05-02,39059395576
2022-05-03,39025972744
2022-05-04,39048126435
2022-05-05,38993078732
2022-05-06,39020340182
2022-05-07,38835229647
2022-05-08,38868890453
2022-05-09,39805604430
2022-05-10,39605604430
2022-05-11,39605604430
2022-05-12,35637426611
2022-05-13,35676980761
2022-05-14,35067993148
2022-05-15,34505739977
2022-05-16,34483982953
2022-05-17,35117954481
2022-05-18,34538055562
2022-05-19,34534869055
2022-05-20,34549470555
2022-05-21,33993690001
2022-05-22,33977773211
2022-05-23,33984739334
2022-05-24,33955049049
2022-05-25,33952924412
2022-05-26,33946244144
2022-05-27,33903398213
2022-05-28,33780900969
2022-05-29,33781123520
2022-05-30,33796089135
2022-05-31,33789389440
2022-06-01,33820794996
2022-06-02,33873477672
2022-06-03,34041230684
2022-06-04,34040502745
2022-06-05,34033460384
2022-06-06,34235540603
2022-06-07,34203669849
2022-06-08,34188874243
2022-06-09,34190118993
2022-06-10,34148962331
2022-06-11,34143293641
2022-06-12,34149849776
2022-06-13,34001344725
2022-06-14,34257192326
2022-06-15,33853008295
2022-06-16,33296924520
2022-06-17,32706676432
2022-06-18,32509252463
2022-06-19,32490008816
2022-06-20,32325688314
2022-06-21,31898373448
2022-06-22,31559046952
2022-06-23,31651417432
2022-06-24,31657089303
2022-06-25,31611796640
2022-06-26,31661370825
2022-06-27,31635245714
2022-06-28,31640802898
2022-06-29,31631366696
2022-06-30,31373543205
2022-07-01,31240206185
2022-07-02,31247520220
2022-07-03,31252034946
2022-07-04,31168615712
2022-07-05,31102548422
2022-07-06,31077490397
2022-07-07,31059558766
2022-07-08,31039144654
2022-07-09,31507814471
2022-07-10,31492390666
2022-07-11,31506916418
2022-07-12,31507265230
2022-07-13,31499441099
2022-07-14,31471284166
2022-07-15,31414533982
2022-07-16,31395737587
2022-07-17,31409171242
2022-07-18,31426615360
2022-07-19,31372294598
2022-07-20,31454047613
2022-07-21,31445681448
2022-07-22,31515740612
2022-07-23,31508635039
2022-07-24,31514088804
2022-07-25,31568512076
2022-07-26,31591317657
2022-07-27,31695309652
2022-07-28,31805502989
2022-07-29,31885289841
2022-07-30,32019959454
2022-07-31,32132431277
2022-08-01,32133277439
2022-08-02,32358153597
2022-08-03,32445661976
2022-08-04,32408717105
2022-08-05,32410762012
2022-08-06,32402206953
2022-08-07,32400444369
2022-08-08,32394758401
2022-08-09,32370782623
2022-08-10,32375870193
2022-08-11,32472935649
2022-08-12,32557733576
2022-08-13,32707601439
2022-08-14,32948111601
2022-08-15,33072839115
2022-08-16,33226279865
2022-08-17,33219806138
2022-08-18,33213704726
2022-08-19,33217150157
2022-08-20,33211248260
2022-08-21,33163447583
2022-08-22,33520332130
2022-08-23,33550615660
2022-08-24,33536757637
2022-08-25,33534347655
2022-08-26,33525303486
2022-08-27,33459171211
2022-08-28,33407409539
2022-08-29,33402913185
2022-08-30,33397532444
2022-08-31,33394415934
2022-09-01,33392203610
2022-09-02,33388788466
2022-09-03,33388301101
2022-09-04,33384771906
2022-09-05,33384274503
2022-09-06,33379502880
2022-09-07,33289234624
2022-09-08,33309376480
2022-09-09,33304479411
2022-09-10,33304648243
2022-09-11,33415584039
2022-09-12,33483337987
2022-09-13,33566559225
2022-09-14,33649854887
2022-09-15,33642625789
2022-09-16,33680426176
2022-09-17,33696100237
2022-09-18,33696554158
2022-09-19,33687069554
2022-09-20,33718184993
2022-09-21,33759205677
2022-09-22,33765816633
2022-09-23,33781125529
2022-09-24,33782061416
2022-09-25,33780769925
2022-09-26,33776795933
2022-09-27,33752778261
2022-09-28,33781468452
2022-09-29,33829383524
2022-09-30,33902054541
2022-10-01,32818887820
2022-10-02,32836208061
2022-10-03,32849613647
2022-10-04,32923667102
2022-10-05,32847265950
2022-10-06,32978344714
2022-10-07,32991970869
2022-10-08,33092385010
2022-10-09,33207344475
2022-10-10,33207649534
2022-10-11,33251732926
2022-10-12,33247773706
2022-10-13,33263766490
2022-10-14,32958894314
2022-10-15,32797378937
2022-10-16,32799566434
2022-10-17,32802956174
2022-10-18,32652117003
2022-10-19,32557016537
2022-10-20,32560269036
2022-10-21,32499388414
2022-10-22,32500595253
2022-10-23,32500795014
2022-10-24,32496103901
2022-10-25,32564247690
2022-10-26,32597631473
2022-10-27,32943902889
2022-10-28,33126257612
2022-10-29,33071304182
2022-10-30,33193457641
2022-10-31,33350537739
2022-11-01,33538146960
2022-11-02,33552095310
2022-11-03,33538401748
2022-11-04,33523510219
2022-11-05,33525520637
2022-11-06,33919471249
2022-11-07,33912807221
2022-11-08,34047776287
2022-11-09,34481923134
2022-11-10,33503851738
2022-11-11,33450201587
2022-11-12,32822197103
2022-11-13,32296454717
2022-11-14,32485958349
2022-11-15,32210429721
2022-11-16,32225834132
2022-11-17,32236645121
2022-11-18,32274682709
2022-11-19,32807431220
2022-11-20,32986142488
2022-11-21,33033438107
2022-11-22,32726325315
2022-11-23,32778258662
2022-11-24,32683664166
2022-11-25,32922035765
2022-11-26,33053547238
2022-11-27,33149360503
2022-11-28,33255761115
2022-11-29,33450179958
2022-11-30,33524647502
2022-12-01,33538508082
2022-12-02,33595793121
2022-12-03,33693937922
2022-12-04,33795217465
2022-12-05,33788454677
2022-12-06,33901467840
2022-12-07,35431374430
2022-12-08,35467546013
2022-12-09,35550906459
2022-12-10,35499620589
2022-12-11,35620144996
2022-12-12,35620179413
2022-12-13,35790233477
2022-12-14,32955788622
2022-12-15,33099112271
2022-12-16,33242381180
2022-12-17,33316245993
2022-12-18,33425082591
2022-12-19,33464491126
2022-12-20,33444856707
2022-12-21,33497745153
2022-12-22,33486307937
2022-12-23,33489188370
2022-12-24,33495671219
2022-12-25,33496009806
2022-12-26,33634278898
2022-12-27,33722161375
2022-12-28,33627098186
2022-12-29,33638765494
2022-12-30,33653739342
2022-12-31,33641427278
2023-01-01,33633504237
2023-01-02,33674170666
2023-01-03,33717933251
2023-01-04,33767810339
2023-01-05,33842300443
2023-01-06,33839215932
2023-01-07,33942742628
2023-01-08,33937245765
2023-01-09,33949086350
2023-01-10,33928744817
2023-01-11,33856258141
2023-01-12,33750019712
2023-01-13,33707750333
2023-01-14,34073221572
2023-01-15,34143540182
2023-01-16,34113295089
2023-01-17,34213689008
2023-01-18,34213403892
2023-01-19,34384726969
2023-01-20,34392102297
2023-01-21,34388990003
2023-01-22,34678995210
2023-01-23,34996622356
2023-01-24,35194606238
2023-01-25,35499807272
2023-01-26,35790905615
2023-01-27,35915523683
2023-01-28,36084709778
2023-01-29,36204259781
2023-01-30,36354134435
2023-01-31,36385967533
2023-02-01,36422620315
2023-02-02,36433159783
2023-02-03,36639135458
2023-02-04,36489514525
2023-02-05,36499196756
2023-02-06,36496965618
2023-02-07,36853026613
2023-02-08,36847372589
2023-02-09,36831374379
2023-02-10,37017425085
2023-02-11,37129599296
2023-02-12,37199149814
2023-02-13,37223229889
2023-02-14,37902275265
2023-02-15,38121891698
2023-02-16,38342271433
2023-02-17,38633282256
2023-02-18,38790170455
2023-02-19,38908207401
2023-02-20,38908091967
2023-02-21,38921151527
2023-02-22,38932408016
2023-02-23,39049464050
2023-02-24,39144208841
2023-02-25,39242725647
2023-02-26,39293982176
2023-02-27,39327167367
2023-02-28,39390989003
2023-03-01,39408670870
2023-03-02,39477013292
2023-03-03,39506427873
2023-03-04,39315222231
2023-03-05,37797043781
2023-03-06,37830621883
2023-03-07,38021373812
2023-03-08,38147479459
2023-03-09,38092120617
2023-03-10,38160083925
2023-03-11,38486034735
2023-03-12,38423697927
2023-03-13,39589904667
2023-03-14,39566014040
2023-03-15,39541934929
2023-03-16,40128230849
2023-03-17,40692181133
2023-03-18,41491435358
2023-03-19,41621874318
2023-03-20,41458892750
2023-03-21,42197575373
2023-03-22,42585125926
2023-03-23,42630656288
2023-03-24,43272527797
2023-03-25,43564412447
2023-03-26,43551089537
2023-03-27,43266266566
2023-03-28,43408158778
2023-03-29,43402001410
2023-03-30,43475794718
2023-03-31,43609097466
2023-04-01,43552215773
2023-04-02,43554963229
2023-04-03,43723256595
2023-04-04,43803485637
2023-04-05,43735823823
2023-04-06,43815004423
2023-04-07,43901697741
2023-04-08,43887512765
2023-04-09,43945691713
2023-04-10,43850850662
2023-04-11,43951826238
2023-04-12,43890158807
2023-04-13,44033554437
2023-04-14,44255237004
2023-04-15,44342260891
2023-04-16,44193067015
2023-04-17,44156038356
2023-04-18,44303951935
2023-04-19,44353895283
2023-04-20,44524168544
2023-04-21,44399419056
2023-04-22,44402215895
2023-04-23,44470919498
2023-04-24,44484539457
2023-04-25,44550525926
2023-04-26,44533487656
2023-04-27,44691003539
2023-04-28,44647955941
2023-04-29,44784520452
2023-04-30,44617512662
2023-05-01,44637600357
2023-05-02,45117066853
2023-05-03,45146911974
2023-05-04,44996027100
2023-05-05,45036787831
2023-05-06,45177879203
2023-05-07,45177844836
2023-05-08,45096199458
2023-05-09,45084921452
2023-05-10,45277893435
2023-05-11,45384189586
2023-05-12,45432927660
2023-05-13,45538257183
2023-05-14,45493748146
2023-05-15,45508446727
2023-05-16,45553269467
2023-05-17,45546111054
2023-05-18,45509257234
2023-05-19,45504511715
2023-05-20,45523453121
2023-05-21,45572125782
2023-05-22,45433074175
2023-05-23,45383844010
2023-05-24,45465996542
2023-05-25,45294251502
2023-05-26,45161963274
2023-05-27,45088406318
2023-05-28,45085573091
2023-05-29,45139963593
2023-05-30,45098731988
2023-05-31,45137016609
2023-06-01,45220112755
2023-06-02,45215752206
2023-06-03,45161774233
2023-06-04,45122727027
2023-06-05,45132661421
2023-06-06,45164624799
2023-06-07,45254069514
2023-06-08,45358779950
2023-06-09,45421980123
2023-06-10,45353991577
2023-06-11,45385442457
2023-06-12,45371906620
2023-06-13,44673355285
2023-06-14,44486809049
2023-06-15,44413879810
2023-06-16,45276305254
2023-06-17,44086421377
2023-06-18,43779322803
2023-06-19,43696229085
2023-06-20,43606579556
2023-06-21,43662952195
2023-06-22,43599510887
2023-06-23,43658539538
2023-06-24,43661211319
2023-06-25,43836166364
2023-06-26,43749602907
2023-06-27,43787312597
2023-06-28,43914530316
2023-06-29,43780037762
2023-06-30,43897810610
2023-07-01,43910440036
2023-07-02,43901363832
2023-07-03,43897411996
2023-07-04,43879498751
2023-07-05,44056785634
2023-07-06,44001914380
2023-07-07,43976879669
2023-07-08,43978205554
2023-07-09,43946043401
2023-07-10,43907565153
2023-07-11,43964168259
2023-07-12,43940567559
2023-07-13,44020978614
2023-07-14,44124135588
2023-07-15,44326916818
2023-07-16,44307418610
2023-07-17,44260583494
2023-07-18,44299070391
2023-07-19,44232046153
2023-07-20,44182704677
2023-07-21,44221409382
2023-07-22,44217547290
2023-07-23,44212205522
2023-07-24,44169683151
2023-07-25,44113560026
2023-07-26,44128937234
2023-07-27,44113304388
2023-07-28,44063510556
2023-07-29,44081086923
2023-07-30,44314896917
2023-07-31,44324115755
2023-08-01,44297753599
2023-08-02,44162974308
2023-08-03,44163222069
2023-08-04,44074629736
2023-08-05,44013264486
2023-08-06,44032796030
2023-08-07,44012758472
2023-08-08,43990331723
2023-08-09,43980993614
2023-08-10,43916895791
2023-08-11,43868435648
2023-08-12,43779671587
2023-08-13,43791542882
2023-08-14,43819733193
2023-08-15,43644802172
2023-08-16,43367954880
2023-08-17,43170571993
2023-08-18,43250526060
2023-08-19,43288656897
2023-08-20,43268442278
2023-08-21,43303666365
2023-08-22,43287398075
2023-08-23,43279685967
2023-08-24,43283733079
2023-08-25,43476947199
2023-08-26,43514104728
2023-08-27,43442109995
2023-08-28,43455794540
2023-08-29,43472613573
2023-08-30,43727700817
2023-08-31,43939358442
2023-09-01,43970052353
2023-09-02,43989167967
2023-09-03,43997664562
2023-09-04,43984873696
2023-09-05,43949369844
2023-09-06,43819559981
2023-09-07,43851602823
2023-09-08,43819663699
2023-09-09,43871167211
2023-09-10,43880928596
2023-09-11,43924261027
2023-09-12,43844221613
2023-09-13,43943244465
2023-09-14,43941191091
2023-09-15,43996863434
2023-09-16,43941708715
2023-09-17,43943608523
2023-09-18,43936967532
2023-09-19,44032968821
2023-09-20,44164303162
2023-09-21,44291883047
2023-09-22,44496719265
2023-09-23,44567721651
2023-09-24,44566305317
2023-09-25,44562398237
2023-09-26,44544259561
2023-09-27,44537058291
2023-09-28,44529862351
2023-09-29,44540077479
2023-09-30,44485624970
2023-10-01,44526693368
2023-10-02,44518870096
2023-10-03,44632037986
2023-10-04,44644261943
2023-10-05,44674739710
2023-10-06,44742101864
2023-10-07,44815436928
2023-10-08,44804438346
2023-10-09,44839326276
2023-10-10,44843800110
2023-10-11,44861876741
2023-10-12,44818270160
2023-10-13,44779230338
2023-10-14,44854936956
2023-10-15,44858919362
2023-10-16,44850165181
2023-10-17,44941691708
2023-10-18,45116829882
2023-10-19,45317803568
2023-10-20,45820209447
2023-10-21,45591138238
2023-10-22,45552367759
2023-10-23,45487196875
2023-10-24,45603640549
2023-10-25,45384790600
2023-10-26,45595675038
2023-10-27,45621033234
2023-10-28,45638474691
2023-10-29,45638225398
2023-10-30,45685013474
2023-10-31,45734001553
2023-11-01,45894312720
2023-11-02,45972854704
2023-11-03,46138446745
2023-11-04,46352061449
2023-11-05,46347701706
2023-11-06,46380608952
2023-11-07,46523718405
2023-11-08,46849828717
2023-11-09,46909488033
2023-11-10,47049608832
2023-11-11,47143927999
2023-11-12,47198359635
2023-11-13,47208384422
2023-11-14,47512097965
2023-11-15,47634103815
2023-11-16,47699058637
2023-11-17,47807668539
2023-11-18,47834170100
2023-11-19,47897002386
2023-11-20,47861611573
2023-11-21,48109139803
2023-11-22,48229788789
2023-11-23,48242729840
2023-11-24,48111649042
2023-11-25,48320793333
2023-11-26,48328249904
2023-11-27,48330799225
2023-11-28,48341454055
2023-11-29,48447166548
2023-11-30,48499255523
2023-12-01,48520839159
2023-12-02,48628885901
2023-12-03,48691701185
2023-12-04,48628304865
2023-12-05,48562998260
2023-12-06,48671422809
2023-12-07,48696215859
2023-12-08,48651656634
2023-12-09,48626350397
2023-12-10,48876280550
2023-12-11,48865842862
2023-12-12,49072352572
2023-12-13,48948318752
2023-12-14,48957084450
2023-12-15,48978980162
2023-12-16,48957637680
2023-12-17,48966903895
2023-12-18,48954460692
2023-12-19,48919364462
2023-12-20,49011585785
2023-12-21,49118623116
2023-12-22,49167126274
2023-12-23,49284581671
2023-12-24,49293006524
2023-12-25,49276408777
2023-12-26,49170723161
2023-12-27,49163572911
2023-12-28,49249216759
2023-12-29,49220154381
2023-12-30,49292915993
2023-12-31,49281529215
2024-01-01,49211080907
2024-01-02,49379686017
2024-01-03,49310743645
2024-01-04,49411747267
2024-01-05,49588106275
2024-01-06,49681766619
2024-01-07,49919221228
2024-01-08,49751528049
2024-01-09,49905559472
2024-01-10,49944946198
2024-01-11,50086600947
2024-01-12,50160589180
2024-01-13,50134475919
2024-01-14,50133157889
2024-01-15,50202391464
2024-01-16,50082609665
2024-01-17,50069490044
2024-01-18,50026486759
2024-01-19,49963972913
2024-01-20,49939765385
2024-01-21,50002365463
2024-01-22,50109901410
2024-01-23,50199658446
2024-01-24,50921936479
2024-01-25,50869094891
2024-01-26,50876321369
2024-01-27,50920822649
2024-01-28,50935150280
2024-01-29,50961366769
2024-01-30,51096811196
2024-01-31,51089436471
2024-02-01,50983818140
2024-02-02,51214589802
2024-02-03,51145362440
2024-02-04,51108809284
2024-02-05,51134550398
2024-02-06,51049461897
2024-02-07,51052004805
2024-02-08,51138573306
2024-02-09,51110043833
2024-02-10,51055611333
2024-02-11,51207419223
2024-02-12,51304772647
2024-02-13,51148548573
2024-02-14,51307864731
2024-02-15,51496601717
2024-02-16,51487380105
2024-02-17,51628425057
2024-02-18,51653661760
2024-02-19,51619944065
2024-02-20,51520819726
2024-02-21,51506156194
2024-02-22,51446066354
2024-02-23,51481554430
2024-02-24,51592555256
2024-02-25,51556263757
2024-02-26,51586047309
2024-02-27,51767117038
2024-02-28,51828391562
2024-02-29,51874615149
2024-03-01,52060523057
2024-03-02,52182983283
2024-03-03,52260410019
2024-03-04,52299166582
2024-03-05,52569099087
2024-03-06,52740817072
2024-03-07,52724204979
2024-03-08,52921117591
2024-03-09,53079865835
2024-03-10,52695241451
2024-03-11,52664279864
2024-03-12,52813192565
2024-03-13,52961774366
2024-03-14,53172585174
2024-03-15,53291582254
2024-03-16,53182602856
2024-03-17,53125289644
2024-03-18,53060095065
2024-03-19,53331076479
2024-03-20,53426745139
2024-03-21,53196424583
2024-03-22,53094523596
2024-03-23,52920197380
2024-03-24,53004104800
2024-03-25,52893598229
2024-03-26,53094494494
2024-03-27,53183946834
2024-03-28,53104443629
2024-03-29,53084627270
2024-03-30,53072529259
2024-03-31,53136536219
2024-04-01,53023764112
2024-04-02,53149385271
2024-04-03,53712512352
2024-04-04,54320737408
2024-04-05,54573689208
2024-04-06,54629561174
2024-04-07,54656688902
2024-04-08,54525274363
2024-04-09,54663459649
2024-04-10,54791510743
2024-04-11,54863521529
2024-04-12,54996856745
2024-04-13,55050158825
2024-04-14,55211672350
2024-04-15,55080674382
2024-04-16,55179067723
2024-04-17,55646469598
2024-04-18,55516064325
2024-04-19,55966073733
2024-04-20,55932212781
2024-04-21,56043628445
2024-04-22,55940122799
2024-04-23,55969849414
2024-04-24,55952152308
2024-04-25,55964685588
2024-04-26,55958533939
2024-04-27,55903122869
2024-04-28,55921046255
2024-04-29,56369752256
2024-04-30,55960840525
2024-05-01,56025000884
2024-05-02,56043413541
2024-05-03,56062747413
2024-05-04,56194002682
2024-05-05,56431598473
2024-05-06,56378070113
2024-05-07,56399095309
2024-05-08,56352874277
2024-05-09,56333634555
2024-05-10,56394819267
2024-05-11,56337602453
2024-05-12,56380322433
2024-05-13,56372488078
2024-05-14,56428206860
2024-05-15,56434674764
2024-05-16,56445792318
2024-05-17,56396970091
2024-05-18,56420808666
2024-05-19,56524353547
2024-05-20,56523312315
2024-05-21,56432593320
2024-05-22,56703304765
2024-05-23,56653443085
2024-05-24,56804311541
2024-05-25,56788623958
2024-05-26,56868495506
2024-05-27,56912221897
2024-05-28,56937154608
2024-05-29,56903431093
2024-05-30,56950616856
2024-05-31,56933724064
2024-06-01,56968236736
2024-06-02,57038742088
2024-06-03,57028140559
2024-06-04,57115151712
2024-06-05,57114452231
2024-06-06,57142741483
2024-06-07,57193756494
2024-06-08,57212258108
2024-06-09,57285433192
2024-06-10,57364415781
2024-06-11,57408888531
2024-06-12,57416619532
2024-06-13,57534188375
2024-06-14,57533591376
2024-06-15,57567401259
2024-06-16,57680086418
2024-06-17,57712865977
2024-06-18,57699866589
2024-06-19,57729676275
2024-06-20,57753968610
2024-06-21,58038369307
2024-06-22,58014262387
2024-06-23,58041980914
2024-06-24,58020791732
2024-06-25,58084213610
2024-06-26,57948050972
2024-06-27,57904166338
2024-06-28,57948022682
2024-06-29,58007310879
2024-06-30,58022701583
2024-07-01,58133362648
2024-07-02,58134071508
2024-07-03,58170310678
2024-07-04,58133248784
2024-07-05,58195176821
2024-07-06,58001263430
2024-07-07,57971495515
2024-07-08,57983817016
2024-07-09,57981323731
2024-07-10,58104275347
2024-07-11,58203853341
2024-07-12,58234298974
2024-07-13,58469110292
2024-07-14,58350095206
2024-07-15,58535076529
2024-07-16,58767935169
2024-07-17,58747247222
2024-07-18,58864690092
2024-07-19,58880243435
2024-07-20,59239057096
2024-07-21,59161490984
2024-07-22,59109891206
2024-07-23,59045557005
2024-07-24,59157102108
2024-07-25,59052758623
2024-07-26,58931714667
2024-07-27,58967480731
2024-07-28,59079712926
2024-07-29,59120485952
2024-07-30,59169391847
2024-07-31,59186199231
2024-08-01,59271265683
2024-08-02,59275202375
2024-08-03,59353290145
2024-08-04,59335721752
2024-08-05,59336004383
2024-08-06,59298548577
2024-08-07,59133151900
2024-08-08,59566570955
2024-08-09,59404502419
2024-08-10,59341244471
2024-08-11,59308488598
2024-08-12,59464987305
2024-08-13,59507849400
2024-08-14,59423953148
2024-08-15,59589765378
2024-08-16,59575451214
2024-08-17,59656109686
2024-08-18,59606456123
2024-08-19,59609060717
2024-08-20,59647116672
2024-08-21,59575499701
2024-08-22,59615418202
2024-08-23,59510992814
2024-08-24,59527204825
2024-08-25,59780371504
2024-08-26,59617245078
2024-08-27,59623681836
2024-08-28,59598109001
2024-08-29,59534131717
2024-08-30,59584885854
2024-08-31,59592808009
2024-09-01,59499314744
2024-09-02,59651071509
2024-09-03,59509332510
2024-09-04,59519847257
2024-09-05,59524320663
2024-09-06,59526545013
2024-09-07,59564218693
2024-09-08,59490233595
2024-09-09,59527843170
2024-09-10,59703876339
2024-09-11,59641471434
2024-09-12,59632690735
2024-09-13,59467172853
2024-09-14,59770630451
2024-09-15,59903963078
2024-09-16,59933997869
2024-09-17,59668844910
2024-09-18,59833465709
2024-09-19,59776865271
2024-09-20,59926976791
2024-09-21,59966801473
2024-09-22,59954326854
2024-09-23,59891266038
2024-09-24,59977264201
2024-09-25,59870211398
2024-09-26,59890385161
2024-09-27,59903460930
2024-09-28,59931623081
2024-09-29,59942337379
2024-09-30,59972412231
2024-10-01,60024536261
2024-10-02,60172170181
2024-10-03,60124212015
2024-10-04,60114964484
2024-10-05,60117549385
2024-10-06,60329998832
2024-10-07,59952382066
2024-10-08,60157848595
2024-10-09,60184855906
2024-10-10,60181024447
2024-10-11,60190261131
2024-10-12,60211592058
2024-10-13,60223662988
2024-10-14,60345277886
2024-10-15,60247776734
2024-10-16,60261527931
2024-10-17,60198770226
2024-10-18,60267936503
2024-10-19,60287974115
2024-10-20,60304674937
2024-10-21,60254484990
2024-10-22,60377003706
2024-10-23,60451390319
2024-10-24,60465909226
2024-10-25,60268441793
2024-10-26,60489651398
2024-10-27,60543521972
2024-10-28,60689877979
2024-10-29,60292732125
2024-10-30,60592113621
2024-10-31,60679382925
2024-11-01,60669818915
2024-11-02,60727332508
2024-11-03,60625019496
2024-11-04,60724155978
2024-11-05,61741445462
2024-11-06,61736165994
2024-11-07,60627138505
2024-11-08,60731183022
2024-11-09,60674762320
2024-11-10,60736050292
2024-11-11,60971276056
2024-11-12,60668787819
2024-11-13,60723479065
2024-11-14,60634269987
2024-11-15,61723995728
2024-11-16,61660556073
2024-11-17,61593872387
2024-11-18,61669832456
2024-11-19,59733309886
2024-11-20,59733795089
2024-11-21,59734796189
2024-11-22,59756152079
2024-11-23,59699674627
2024-11-24,60763695278
2024-11-25,60702233594
2024-11-26,60473589149
2024-11-27,60633553354
2024-11-28,60633135900
2024-11-29,60695545579
2024-11-30,60696149573
2024-12-01,58804967758
2024-12-02,58669965419
2024-12-03,58641636339
2024-12-04,60690586792
2024-12-05,60745434305
2024-12-06,60832859556
2024-12-07,59980386301
2024-12-08,60019625239
2024-12-09,60840341809
2024-12-10,60802140535
2024-12-11,60798183322
2024-12-12,60811685119
2024-12-13,60757949410
2024-12-14,60510116153
2024-12-15,60499227581
2024-12-16,60510102306
2024-12-17,60487950364
2024-12-18,60503342171
2024-12-19,60519518899
2024-12-20,60528683868
2024-12-21,60527316046
2024-12-22,60226971726
2024-12-23,60344319618
2024-12-24,60235048131
2024-12-25,60135126473
2024-12-26,60142535960
2024-12-27,60076403710
2024-12-28,60046010738
2024-12-29,59849085965
2024-12-30,59671330431
2024-12-31,58576723082
2025-01-01,58542593806
2025-01-02,58640886379
2025-01-03,58698685436
2025-01-04,58665500523
2025-01-05,58685601265
2025-01-06,58545852612
2025-01-07,59117682061
2025-01-08,59127614752
2025-01-09,59423613161
2025-01-10,59248432721
2025-01-11,59231654064
2025-01-12,59228368549
2025-01-13,59287002569
2025-01-14,59068042179
2025-01-15,59092490998
2025-01-16,59187907026
2025-01-17,59214584077
2025-01-18,59724710403
2025-01-19,59725243637
2025-01-20,59720060110
2025-01-21,59855874633
2025-01-22,59842969895
2025-01-23,59883445501
2025-01-24,59883903714
2025-01-25,60302446345
2025-01-26,60302499306
2025-01-27,60114939046
2025-01-28,60589483594
2025-01-29,60628752883
2025-01-30,60685356132
2025-01-31,60668675615
2025-02-01,60678492307
2025-02-02,60677066893
2025-02-03,60730860077
2025-02-04,60666277224
2025-02-05,61656749901
2025-02-06,61876163738
2025-02-07,61988006078
2025-02-08,62036666857
2025-02-09,62116022673
2025-02-10,62117325583
2025-02-11,62165982105
2025-02-12,62173434245
2025-02-13,62322996827
2025-02-14,62328318734
2025-02-15,62440539697
2025-02-16,62560035759
2025-02-17,62564792098
2025-02-18,62553783868
2025-02-19,62582018114
2025-02-20,62678341014
2025-02-21,62638373976
2025-02-22,62964142253
2025-02-23,63461707532
2025-02-24,63375829529
2025-02-25,63160832240
2025-02-26,63136108653
2025-02-27,63167837981
2025-02-28,63498063942
2025-03-01,63512537863
2025-03-02,62823966769
2025-03-03,62764113571
2025-03-04,62817579610
2025-03-05,62808011442
2025-03-06,62836346256
2025-03-07,62775149461
2025-03-08,62781564729
2025-03-09,62791668557
2025-03-10,62769409875
2025-03-11,62910252110
2025-03-12,62949360016
2025-03-13,62753552802
2025-03-14,62785481926
2025-03-15,62846404532
2025-03-16,62989682933
2025-03-17,62992328417
2025-03-18,63010897468
2025-03-19,63028283329
2025-03-20,64251839360
2025-03-21,64261442792
2025-03-22,64554892271
2025-03-23,64625043596
2025-03-24,64627462912
2025-03-25,64763566351
2025-03-26,64807246034
2025-03-27,65126441884
2025-03-28,65110608294
2025-03-29,65098302199
2025-03-30,65116372076
2025-03-31,66175651359
2025-04-01,66201636013
2025-04-02,66334076176
2025-04-03,66320062334
2025-04-04,66644006396
2025-04-05,66647865956
2025-04-06,66619553469
2025-04-07,66652995652
2025-04-08,66876923858
2025-04-09,67048521942
2025-04-10,67277361485
2025-04-11,67306378942
2025-04-12,67333682797
2025-04-13,68295311756
2025-04-14,68182809238
2025-04-15,68188335058
2025-04-16,68358723464
2025-04-17,68579878714
2025-04-18,68635245414
2025-04-19,68633336577
2025-04-20,68813491441
2025-04-21,68830565992
2025-04-22,69883320752
2025-04-23,70290254749
2025-04-24,70340766185
2025-04-25,70440404022
2025-04-26,70371797207
2025-04-27,70832466416
2025-04-28,70994468474
2025-04-29,70994070811
2025-04-30,70980258127
2025-05-01,71313633778
2025-05-02,71316602420
2025-05-03,71521032808
2025-05-04,71711224784
2025-05-05,71971016018
2025-05-06,71950463444
2025-05-07,72369236179
2025-05-08,73421882095
2025-05-09,73616207770
2025-05-10,73598181721
2025-05-11,73732325655
2025-05-12,73736281335
2025-05-13,73740284415
2025-05-14,73909804673
2025-05-15,74224776937
2025-05-16,75609506571
2025-05-17,75614879546
2025-05-18,75710090075
2025-05-19,75870946674
2025-05-20,76056395206
2025-05-21,76052729276
2025-05-22,76164516967
2025-05-23,76387262899
2025-05-24,76730419730
2025-05-25,76776992230
2025-05-26,76775832519
2025-05-27,76797659276
2025-05-28,76862468795
2025-05-29,76883706971
2025-05-30,76946402987
2025-05-31,76906274622
2025-06-01,76896113174
2025-06-02,76892769555
2025-06-03,76986926721
2025-06-04,76947219287
2025-06-05,77036942770
2025-06-06,77135086804
2025-06-07,77209230288
2025-06-08,77428368320
2025-06-09,77598314692
2025-06-10,78604491623
2025-06-11,78594268905
2025-06-12,78900783895
2025-06-13,78924864514
2025-06-14,78998643195
2025-06-15,78992475213
2025-06-16,78983768744
2025-06-17,79033315540
2025-06-18,79033743000
2025-06-19,79012995762
2025-06-20,79037543795
2025-06-21,79037862457
2025-06-22,79058829656
2025-06-23,79408514363
2025-06-24,79301211212
2025-06-25,80386728346
2025-06-26,80496102787
2025-06-27,80654252344
2025-06-28,80870469812
2025-06-29,80919606025
2025-06-30,80911988468
2025-07-01,80945918807
2025-07-02,80670737578
2025-07-03,80701511897
2025-07-04,80713309171
2025-07-05,80754181442
2025-07-06,80776459964
2025-07-07,80804908305
2025-07-08,80927532688
2025-07-09,80923229533
2025-07-10,81196260602
2025-07-11,81252345703
2025-07-12,81275255268
2025-07-13,81393849773
2025-07-14,81457067301
2025-07-15,81463217472
2025-07-16,81651157368
2025-07-17,81843581582
2025-07-18,81030283510
2025-07-19,80949626107
2025-07-20,81158724655
2025-07-21,81366645691
2025-07-22,81340099070
2025-07-23,81302704491
2025-07-24,81318620607
2025-07-25,81501380386
2025-07-26,81701575036
2025-07-27,81913086618
2025-07-28,81919254864
2025-07-29,81928977780
2025-07-30,82215279255
2025-07-31,82371584548
2025-08-01,82366770071
2025-08-02,82424188806
2025-08-03,82447684000
2025-08-04,82450571795
2025-08-05,82430186285
2025-08-06,82440919732
2025-08-07,82444863130
2025-08-08,82511039589
2025-08-09,82576298629
2025-08-10,82717621413
2025-08-11,82709510999
2025-08-12,82615694155
2025-08-13,82313327528
2025-08-14,82483434213
2025-08-15,82477332781
2025-08-16,82134034397
2025-08-17,82133509200
2025-08-18,82572781992
2025-08-19,82575504127
2025-08-20,82430019566
2025-08-21,82414469850
2025-08-22,81931277275
2025-08-23,81926126594
2025-08-24,82132184326
2025-08-25,82129286303
2025-08-26,81882341647
2025-08-27,81811181049
2025-08-28,81797442096
2025-08-29,81614593047
2025-08-30,80489117329
2025-08-31,80295219759
2025-09-01,80280025435
2025-09-02,80278287738
2025-09-03,80155825647
2025-09-04,81267748649
2025-09-05,81162431088
2025-09-06,78941742826
2025-09-07,78937210783
2025-09-08,78921644020
2025-09-09,79024293312
2025-09-10,78979462281
2025-09-11,78979595636
2025-09-12,78862157543
2025-09-13,78838526462
2025-09-14,78692039355
2025-09-15,78416719091
2025-09-16,78447281064
2025-09-17,77260428276
2025-09-18,77273702073
2025-09-19,77096608768
2025-09-20,77165121029
2025-09-21,77171556122
2025-09-22,76854852982
2025-09-23,76767824510
2025-09-24,76638032341
2025-09-25,76625975451
2025-09-26,76559250128
2025-09-27,76986500693
2025-09-28,76995906797
2025-09-29,76429368920
2025-09-30,76423250493
2025-10-01,76469555254
2025-10-02,76505887429
2025-10-03,76496460646
2025-10-04,76703283173
2025-10-05,76773001129
2025-10-06,76785084802
2025-10-07,76951605365
2025-10-08,76989300218
2025-10-09,77002677630
2025-10-10,77427423914
2025-10-11,78367625076
2025-10-12,78456064476
2025-10-13,78380601639
2025-10-14,78104768314
2025-10-15,77858059698
2025-10-16,77850134456
2025-10-17,77893190804
2025-10-18,78062474204
2025-10-19,77869976101
2025-10-20,77810079181
2025-10-21,77661254538
2025-10-22,77642427377
2025-10-23,78541792876
2025-10-24,78529883401
2025-10-25,78289067787
2025-10-26,78285398349
2025-10-27,78267389337
2025-10-28,78278193355
2025-10-29,78281694940
2025-10-30,78247698421
2025-10-31,78090065577
2025-11-01,78048281500
2025-11-02,78045522464
2025-11-03,78038963937
2025-11-04,78031051556
2025-11-05,77888695473
2025-11-06,77982847402
2025-11-07,77860586236
2025-11-08,77839306287
2025-11-09,77520981226
2025-11-10,77526227989
2025-11-11,77391340352
2025-11-12,77416050776
2025-11-13,77361820893
2025-11-14,77378176103
2025-11-15,77337697521
2025-11-16,77403239163
2025-11-17,78839738745
2025-11-18,78905581658
2025-11-19,78732309505
2025-11-20,78625643772
2025-11-21,78518176356
2025-11-22,78514256043
2025-11-23,78359962495
2025-11-24,78262416643
2025-11-25,78275950666
2025-11-26,78301671523
2025-11-27,78049755385
2025-11-28,78088558358
2025-11-29,78877974174
2025-11-30,78880431692
2025-12-01,78910354538
2025-12-02,78762829318
2025-12-03,79654124751
2025-12-04,79570194011
2025-12-05,79604217334
2025-12-06,79598550818
2025-12-07,79999847902
2025-12-08,80065156753
2025-12-09,81020618414
2025-12-10,80994356198
2025-12-11,80879205564
2025-12-12,80829315894
2025-12-13,80822694878
2025-12-14,80815814988
2025-12-15,80674003790
2025-12-16,80654923406
2025-12-17,80682466541
2025-12-18,80507364459
2025-12-19,80512888526
2025-12-20,80462605015
2025-12-21,80420285924
2025-12-22,80348997480
2025-12-23,80356142329
2025-12-24,80353581271
2025-12-25,80341625228
2025-12-26,80332908897
2025-12-27,80333549322
2025-12-28,80326687737
2025-12-29,80283253364
2025-12-30,80301650108
2025-12-31,81674928374
2026-01-01,81685976341
2026-01-02,81568566251
2026-01-03,81565501309
2026-01-04,81333331464
2026-01-05,81368087623
2026-01-06,81320346029
2026-01-07,80982839746
2026-01-08,81006809254
2026-01-09,80946471917
2026-01-10,82401084918
2026-01-11,82407317128
2026-01-12,82366284305
2026-01-13,82305655693
2026-01-14,82397930827
2026-01-15,82360844364
2026-01-16,82422409089
2026-01-17,82411203885
2026-01-18,82559292157
2026-01-19,82812266724
2026-01-20,82843036631
2026-01-21,84142774262
2026-01-22,83944154769
2026-01-23,83915356194
2026-01-24,83895557787
2026-01-25,83935652692
2026-01-26,83945154910
2026-01-27,83904259635
2026-01-28,83903408729
2026-01-29,84051588696
2026-01-30,84002412246
2026-01-31,84059426382
2026-02-01,83785603905
2026-02-02,83808865179
2026-02-03,83651319705
2026-02-04,83555364659
2026-02-05,84219428882
2026-02-06,84306012278
2026-02-07,84329725625
2026-02-08,84359228374
2026-02-09,85494439666
2026-02-10,85312777708
2026-02-11,85225369776
2026-02-12,85217488138
2026-02-13,85237903364
2026-02-14,84738864735
2026-02-15,84749475085
2026-02-16,84729813907
2026-02-17,84676820048
2026-02-18,84580725938
2026-02-19,84557300453
2026-02-20,84631413401
2026-02-21,84647613730
2026-02-22,84645257869
2026-02-23,85642354939
2026-02-24,85658439380
2026-02-25,85663755571
2026-02-26,85680192992
2026-02-27,85532668913
2026-02-28,85607821834
2026-03-01,85533774338
2026-03-02,85659358967
2026-03-03,85633469871
2026-03-04,85681599499
2026-03-05,85686423419
2026-03-06,86232518435
2026-03-07,86232336635
2026-03-08,86229305897
2026-03-09,86254050269
2026-03-10,86248823985
2026-03-11,86180543970
2026-03-12,86335363322
2026-03-13,86344280550
2026-03-14,86360963429
2026-03-15,86356779798
2026-03-16,86342555722
2026-03-17,86340057775
2026-03-18,84828301009
2026-03-19,84848933563
2026-03-20,85717303529
2026-03-21,85729092164
2026-03-22,85721628005
2026-03-23,85620742594
2026-03-24,85625230399
2026-03-25,85579329670
2026-03-26,85572120356
2026-03-27,85562222497
2026-03-28,85568163479
2026-03-29,85561159615
2026-03-30,85754024363
2026-03-31,85727316077
2026-04-01,85913649560
2026-04-02,85946389212
2026-04-03,85943890047
2026-04-04,86252913948
2026-04-05,86239134873
2026-04-06,86241042257
2026-04-07,86223743023
2026-04-08,86235940930
2026-04-09,85743339794
2026-04-10,85773238840
2026-04-11,85947598802
2026-04-12,85942097733
2026-04-13,85986549712
2026-04-14,85996834456
2026-04-15,86197414446
2026-04-16,86175687358
2026-04-17,86423165992
2026-04-18,86581826249
2026-04-19,86574432725
2026-04-20,86568266512
2026-04-21,86749537276
2026-04-22,86875153179
2026-04-23,86869603442
2026-04-24,86774456490
2026-04-25,86776270613
2026-04-26,86918752066
2026-04-27,86921986009
2026-04-28,86923779880
2026-04-29,87032259679
2026-04-30,87019324818
2026-05-01,88543266792
2026-05-02,88559633299
2026-05-03,88567969776
2026-05-04,88560674691
2026-05-05,89069764294
2026-05-06,89070442931
2026-05-07,89089454000
2026-05-08,89126756270
2026-05-09,89643597482
2026-05-10,89646902326
2026-05-11,89655431815
2026-05-12,89769493819
2026-05-13,89776955091
2026-05-14,89835989312
2026-05-15,89809904622
2026-05-16,89819004829
2026-05-17,89830223860
2026-05-18,89831956419
2026-05-19,89799261689
2026-05-20,90405706118
2026-05-21,90405586492
2026-05-22,90374306647
2026-05-23,90397004946
2026-05-24,90386982160
2026-05-25,90221838691
2026-05-26,90185674289
2026-05-27,90178992903
2026-05-28,90175875589
2026-05-29,90149267294
2026-05-30,90161457045
2026-05-31,90160006607
2026-06-01,89973596640
2026-06-02,90054480166
2026-06-03,90057003655
2026-06-04,89933625782
2026-06-05,89992403731
2026-06-06,89974661342
2026-06-07,89691218064
2026-06-08,89604930057
2026-06-09,89552483260
2026-06-10,89541163878
2026-06-11,89525948190
2026-06-12,89555986072
2026-06-13,89186898764
2026-06-14,89169032090
2026-06-15,89073263035
2026-06-16,89053968343
2026-06-17,89060038953
2026-06-18,88974891809
2026-06-19,89295583821
2026-06-20,89272213350
2026-06-21,89376298972
2026-06-22,89226635652
2026-06-23,89116740719
2026-06-24,89095786122
2026-06-25,89093566610
2026-06-26,89109262276.07
